wallet_address,farmer_score,priority_tier,wallet_age_days,tx_count_before_first_inflow,token_type_diversity,inflow_to_outflow_hours,shared_funder_score,inter_tx_time_variance,unique_counterparty_count
0xab163c39faea06697fea078b1e8d984c392771b3,0.99,deprioritize,870.2467836885651,1.0,13.0,0.05,1.0986122886681098,3303396814959.746,39.0
0x3b2367e13a5835570e82f81c3f7aff5d32a4470b,1.0,deprioritize,1713.1782420301492,1.0,26.0,0.006666666666666667,4.02535169073515,10076150252070.92,58.0
0x0cdc3fdf7d59206a8535a5ad120ae99a2c66ed92,1.0,deprioritize,2136.4068415747115,2.0,62.0,0.029444444444444443,2.70805020110221,16291245995969.74,86.0
0xf0734088f16b1f9ffc22b202756e985535b13e98,1.0,deprioritize,1329.3717837456834,0.0,3.0,0.9333333333333333,0.0,1315145167557.75,7.0
0x2e47e720e59a4732c7f4bcd18706201fdcdaba74,1.0,deprioritize,1669.9859388387397,2.0,22.0,0.011944444444444445,3.1354942159291497,18133840915219.2,54.0
0xe30b0c11971bca0760fb433ff30d58c6c501a57d,0.9605,deprioritize,464.3295615287374,3.0,40.0,0.08,3.091042453358316,562747853436.3323,48.0
0x163cc449cdf9d1ba22e9b81f0f9c9f01c2ab76a1,0.0,normal,2209.1813555215163,2.0,34.0,0.005555555555555556,0.0,10028429829365.977,70.0
0x67ae7d2503078b6a9fad5326cc071b9b59246f7a,0.0,normal,2089.976864791805,5.0,93.0,0.0,0.0,1208738750538.6838,190.0
0x5eb9b5d83b56e1089f7f6b90cc983fe3ea14fe9f,0.9743,deprioritize,872.2913671925912,5.0,37.0,0.016666666666666666,2.0794415416798357,806291437059.2012,67.0
0x024bcbcaad82e67f721799e259ca60bc7d363419,0.0,normal,3192.820719054515,4.0,453.0,0.0,0.0,126487554271.1145,408.0
0xc6fe438c3d3e9b9e18e6fa47921b04eca19dcc57,0.0,normal,2263.887296051725,0.0,184.0,0.0,0.0,634874081426.6384,369.0
0x2e4cb3ef1ce2297420c4bf74f16b0624a0fc9240,1.0,deprioritize,1698.0055834696414,2.0,21.0,0.016666666666666666,3.1354942159291497,18345938336329.504,50.0
0x801c5944528f7bb13c7773fa44f22da912dcb856,0.0,normal,1354.159703842443,0.0,101.0,0.0,0.0,2084361710641.5603,128.0
0x7d9a8c475b55e70f2d9837c853ee145ccca9d249,0.0,normal,2219.532018684339,0.0,164.0,0.006388888888888889,1.0986122886681098,722361460606.5433,345.0
0x36b6c288e44af49d09748b173998f2b0ae9eeb04,0.0,normal,341.121509774537,1.0,59.0,0.0,0.0,236650932181.44003,43.0
0x22414282c64bb1ef62b9736d3b584f59b5bb20d3,0.0,normal,2163.6478639506136,1.0,109.0,0.0,2.302585092994046,112856293516.30858,205.0
0x4d9b7bc2566b1452c4d43b0ab4d43c98d89d100e,0.0,normal,1331.130537705347,5.0,148.0,0.0,1.0986122886681098,409266251653.85516,294.0
0xf605e8aab1418bf13c31fcdd3516fd34e4ebd6b0,0.0,normal,2195.4813363692356,2.0,77.0,0.0,0.0,3824754540905.2173,130.0
0xea315f30a8208ca16507d1a5b2af691dc0f3f0ea,1.0,deprioritize,1054.3385933371771,8.0,5.0,0.04,2.9444389791664403,23929326903383.59,27.0
0xdc43cd6c52dabcdafee39b35065335ae14151c69,0.9982,deprioritize,1079.5341488939357,7.0,11.0,0.03,2.9444389791664403,5955498231644.456,35.0
0x3fb73ff99e6b9b23ab3b3266b50d9f60cf375bd3,0.9998,deprioritize,880.6197044507993,1.0,28.0,0.04,2.4849066497880004,4992874239273.688,47.0
0xc7b42f99c63126b22858f4eed636f805cfe82c91,0.0,normal,1832.901972973079,0.0,333.0,0.0,0.0,176503338815.80563,644.0
0x1bf5884b61febf3e8b54e592420b8946595a52cf,0.9999,deprioritize,1716.2105272432636,1.0,29.0,0.016666666666666666,4.02535169073515,7232083751080.341,62.0
0x4f4c3a3ab3423866849b986b60eb53df2e8602e4,0.0,normal,1789.176302709596,0.0,188.0,0.0,0.0,121466046455.17726,433.0
0x0b6f98a45e281a13f14a61b96e327a41e4f4b13e,1.0,deprioritize,1713.1779463237385,1.0,26.0,0.013333333333333334,4.02535169073515,10362478685184.123,55.0
0xf47ce3b4ee1458a08d961c3b9977219f1bf8f387,0.9967,deprioritize,276.3373444746987,1.0,5.0,0.01,3.091042453358316,130617585771.75,8.0
0x6f9bb7e454f5b3eb2310343f0e99269dc2bb8a1d,0.0,normal,3294.853270401563,0.0,621.0,0.0,0.0,6729368521.738409,1118.0
0x0f61cc84840511e8c2079e2a55b50f9a43fab645,0.0,normal,2621.841261864652,0.0,63.0,0.020555555555555556,0.0,30844738503018.453,79.0
0x4d6a13235a3ba68495421f3f87f3b0cf9296e7e8,0.9994,deprioritize,276.38790539767456,1.0,15.0,0.02,3.091042453358316,2912588922628.5444,11.0
0x16aced6aa850b201ab935adbbbafa1dcbd75d278,0.0,normal,1282.521099843449,20.0,100.0,0.02666666666666667,2.70805020110221,735365921670.9607,179.0
0x63bb46461696416fac820bf871375274d97b128e,0.0,normal,2563.049132269977,2.0,401.0,0.0,2.0794415416798357,148053151621.47922,746.0
0x7be91b56d7d316d968d573e111a01d7bc35f2ac3,0.0,normal,987.3697124987841,8.0,30.0,0.01,0.0,2423784796521.1084,72.0
0xce280f586671d3c09a772d3848040cee08676d29,0.0,normal,3480.7370273169904,33.0,111.0,0.0,0.0,5690031758970.299,189.0
0xff5036089e466383c9a9e191e72bcb3e152ffd34,1.0,deprioritize,1713.1803376295363,1.0,26.0,0.01,4.02535169073515,11067782304552.42,59.0
0x268ef519edbf507ed9ff31a3eae96c82cbe1bb0b,0.0,normal,1302.5169348548602,0.0,209.0,0.013333333333333334,0.0,45540296248.36231,470.0
0xd65e87f756d0f21faceb8d32eacc509c1284f25d,0.0,normal,2137.0679534584724,3.0,336.0,0.0,0.0,130841438114.5344,869.0
0x1fcec0f5b245afa2b0ca81a785073d6f9de790bb,0.0,normal,2158.198822039537,1.0,159.0,0.01,0.0,23488874344.62014,270.0
0xd2cfeee986ae1e83fb2e6385f6d54cfedb2ea029,0.0,normal,966.3538805852196,37.0,53.0,0.0,2.70805020110221,4546696022999.235,109.0
0xd0d77e49a05bff5c3e67cfcded0b26420be518f2,1.0,deprioritize,3160.9391352229177,1.0,37.0,0.12277777777777778,0.0,83020449107642.3,49.0
0xb8d7b045d299c9c356bc5ee4fe2dddc8a31280a5,0.0,normal,2705.319621337906,5.0,284.0,0.006666666666666667,0.0,823120076190.3453,460.0
0x0ea63612bd4a5c33cfc271e8a1cfe86fb8ab8e0a,0.9997,deprioritize,276.3345753634252,1.0,17.0,0.03666666666666667,3.091042453358316,2804833432039.506,19.0
0xe0d817c734b963231a827614558d98b75f67af02,0.0,normal,1793.2447258282536,0.0,225.0,0.02,3.4339872044851463,171746747108.63785,477.0
0x814942045fa68dfb742915422b6a1c0cd96cf4fc,0.0,normal,1739.0559064766653,2.0,131.0,0.0,3.091042453358316,406594522824.06824,303.0
0x98d5731f60565aa1751a0fa6f8f6e6212a4018c4,0.0,normal,2211.0395523849543,2.0,157.0,0.009166666666666667,0.0,3215411401188.9385,168.0
0xd3e9d60e4e4de615124d5239219f32946d10151d,0.0,normal,2596.7340895020025,4.0,279.0,0.0,0.0,147427930340.92416,672.0
0xf94e5cdf41247e268d4847c30a0dc2893b33e85d,0.0,normal,3229.120432633865,205.0,236.0,0.0033333333333333335,0.0,1375090761700.1443,244.0
0xb3430b686daa829162d2aba22c815ad3b5882f00,0.0,normal,3097.3752130885423,5.0,372.0,0.0,0.0,468291371314.2474,551.0
0xea04309d1d95b994a4f4efe77ef73fd4e79d8f11,0.0,normal,2139.692377843542,0.0,376.0,0.0,0.0,42663476360.089066,937.0
0x1f1b89a30df5b95038bbab9bf09ac8d11fed3952,1.0,deprioritize,1698.003143200949,2.0,22.0,0.013333333333333334,3.1354942159291497,18422426947338.625,52.0
0x86dde43c203670adaa559a32c2f1f3162350d94f,0.0008,normal,285.3124950551159,0.0,7.0,0.11666666666666667,0.0,336267036952.0661,7.0
0x68910130b09ac5d735bce38ed931f2acbb9f58fb,1.0,deprioritize,1127.4472172782764,9.0,2.0,0.16333333333333333,0.6931471805599453,102611515065493.97,13.0
0x5d1f4f1e99a9d0866be15d7300b9ac2970e232d4,0.0,normal,1860.6789533902318,34.0,200.0,0.01,2.0794415416798357,1834823692117.7573,469.0
0x43791b25eeca0b1f8c8adee77246704efb40e978,0.0,normal,1834.8406664425356,0.0,86.0,0.0,0.0,886510005852.0388,269.0
0x1d15d4296be89c31a7276ccbe9760523034d9235,0.0006,normal,276.4574951682047,2.0,3.0,0.07,0.0,23644479536.640003,10.0
0x35134d587187c7440c56fcfd7386590875ae9062,1.0,deprioritize,1108.3006896136562,26.0,12.0,0.01,2.772588722239781,22204496570338.15,42.0
0xcaba2231bc28f0fce76fea1f97e4c9225899b4ee,0.0,normal,3170.0148215595136,0.0,199.0,0.0,0.0,1253457311290.5117,482.0
0x2b6bee0256c14cd8a674c39f68266da58ac3e7cd,0.9917,deprioritize,873.6506899926618,1.0,22.0,0.01,1.6094379124341003,1007079598844.7896,52.0
0x6396a2ace5978c4fc9ba7ac3d2d3efb6b3055461,0.0,normal,1238.7344399961223,1.0,123.0,0.0,3.091042453358316,705610001572.9391,197.0
0x230d31eec85f4063a405b0f95bde509c0d0a8b5d,0.0,normal,2167.0950418822576,1.0,78.0,0.013333333333333334,0.0,2038651026248.7783,153.0
0x68fa90978561435e88ea0c8610e3febd718b71cc,0.9988,deprioritize,487.3259678377901,5.0,19.0,0.013333333333333334,2.0794415416798357,1980512226911.1174,39.0
0xf54c5a0864c20c4a7c07dd5b5fefc86e16715053,0.0162,normal,1044.5922178395258,10.0,57.0,0.013333333333333334,2.0794415416798357,1946777644161.5115,91.0
0x1712fddc84efa346d51261f0fa5a809ff457abdc,0.0,normal,2139.539636829617,0.0,130.0,0.0,2.70805020110221,195620385610.4623,267.0
0x4d9566698ba7d7ecb958bcccb2e4e6a559153992,0.0,normal,3055.2108522567014,5.0,309.0,0.0,0.0,239740976193.20676,510.0
0x321a0b24ff60bc64dd9396a109edf53124b045a9,0.0011,normal,308.67152441249954,4.0,22.0,0.03333333333333333,0.0,462678878824.8163,24.0
0x3aa92429fa292c3d1a6b1c6ede90770e66f61177,1.0,deprioritize,2128.0597420068525,1.0,22.0,114.535,0.0,34990691886.076385,6.0
0x53ab5a24006a674bc1a9fecdfd32c21297324f45,0.0,normal,1789.4984225638184,15.0,172.0,0.0,0.0,226624027064.3896,333.0
0xa01a795d4210a50319b5da63dcc234473d2d1448,1.0,deprioritize,1713.1794874636,1.0,26.0,0.013333333333333334,4.02535169073515,9723886534072.18,58.0
0xd979bc7116d35267706fb79923354f8a4bb6802e,0.9994,deprioritize,276.33138561481405,1.0,5.0,0.07,2.833213344056216,57412432365.75,8.0
0x05198e23bf92ca47e954311925dceae7bdc3bac4,0.0006,normal,283.15958006018565,1.0,18.0,0.01,0.0,1928692895927.3904,33.0
0x30a3967b6560677da65ffda25f5475755c5e67d5,0.0002,normal,503.3962467284942,0.0,35.0,0.0,0.0,2199537919536.2153,44.0
0x7a39c61adbd6d4767d858da6ce2ae3253780ea2e,0.0,normal,283.1238856203137,56.0,2.0,0.0,0.0,836735120752.7821,41.0
0x148412d775867079de8869c4dbee374e187e69e5,1.0,deprioritize,276.3793022881007,1.0,3.0,0.11,3.091042453358316,13897619409920.0,5.0
0x448588d0441f132c5ff677fc7fc459a91c0484dc,0.0,normal,1366.420413400081,12.0,167.0,0.0,0.0,269844802542.0408,240.0
0x60c1a749c390d2e18ff84ebc17c74a28fac0c6c9,0.0,normal,1840.159684309664,8.0,60.0,0.06333333333333334,2.9444389791664403,1493507940519.447,183.0
0x1cdc37a346a7b959ca49379783f0fce6dd22f674,0.0,normal,1521.2583880222671,9.0,18.0,0.03,1.0986122886681098,4477263982910.787,87.0
0xae9885e3e9d2855d60c7373ff23f153b0ed447e1,0.6845,watch,2178.8986426541787,0.0,5.0,0.46055555555555555,0.0,605457287369.2827,11.0
0x3d15a6fb132221a149aa9235b8fa5b8f7e6f0891,1.0,deprioritize,276.3663857120827,1.0,7.0,0.01,2.0794415416798357,15960001232893.44,14.0
0x101b2bade16a5b5d053cde8bfff8e736a505daea,0.0,normal,1335.3193023796987,0.0,23.0,0.0,0.0,13284525954376.924,71.0
0x3a82439fccf0eb2ebd89193da8037984f1e0c8c5,1.0,deprioritize,1698.0063509954152,1.0,23.0,0.013333333333333334,3.1354942159291497,18266192887711.984,49.0
0x00b344cbfa61cf99c7a20fe83138a7c8c94e6d1d,1.0,deprioritize,2134.998619516216,2.0,32.0,1.386388888888889,0.0,6007208758124.427,33.0
0xf572fa974fa80d0a4058093eb8af81d8cb2bda76,0.9992,deprioritize,1716.211883409073,1.0,47.0,0.0,4.02535169073515,6129388028148.095,78.0
0x11c93eb2946ee4039ca30accff5dfc558effc965,1.0,deprioritize,276.33680239680467,2.0,2.0,2.6366666666666667,0.0,212974599792.0,5.0
0x3fcf98d01756627034d9d785cf182669be82e881,0.9999,deprioritize,1308.3823579531245,8.0,7.0,0.02666666666666667,2.0794415416798357,10833603419344.182,28.0
0xd82144330ed38bffa5a8148964e112411aa409e4,0.0,normal,1210.0086079544105,0.0,85.0,0.0,0.6931471805599453,3594908201005.5557,123.0
0xfe97421c5408268993fa27ae3a3cf98422f195f4,0.9988,deprioritize,276.39735797335703,4.0,5.0,0.06,3.295836866004329,2894036285.896194,11.0
0x6faf49871294f1955571c582fc8765aade331a2f,1.0,deprioritize,1698.0045917706027,2.0,21.0,0.016666666666666666,3.1354942159291497,18228558815598.715,51.0
0x4f97a3aa19d2a274a96d67b8777f72cc526f3f4c,0.0,normal,1412.623642698634,3.0,101.0,0.0,0.6931471805599453,530991058026.2351,210.0
0x69a10364a3051ae0665a05e6573b6ca92a79516e,0.0,normal,1943.6833070692005,1.0,42.0,0.05,0.0,3393736050650.445,70.0
0xd56ee5ba5a52e15f309108bdd6247c69b4f624c2,0.0,normal,3220.465089482952,8.0,830.0,0.0,0.6931471805599453,214113517586.22546,1235.0
0x0d9f2372682e7e39dd9ef99c588816d2587c68d6,0.0,normal,2189.0273957872223,0.0,83.0,0.01361111111111111,0.0,21924298024325.184,125.0
0xcb0fc7c4413db1ef7fee08df2095a283520cfe09,0.9966,deprioritize,276.34736108760313,1.0,13.0,0.013333333333333334,2.772588722239781,541129462535.26874,11.0
0x883750420b97aa32848069d486da29851105a0f2,0.0,normal,1338.8812499776732,2.0,95.0,0.013333333333333334,2.6390573296152584,811879779906.7501,172.0
0xfd5238db3636f84b2e2c99a12541c6817b2b5f1b,0.0,normal,2188.747476858635,4.0,200.0,0.0,2.70805020110221,8563683656.253744,290.0
0x20da9f3d7d5cb96c2822338830cfd6dee6d508d8,0.0,normal,1649.239965730417,1.0,15.0,0.03916666666666667,0.0,300698863672.5879,66.0
0xe89cc29644543eb863a21c829a4a5abcb2a0151d,1.0,deprioritize,276.34277823401544,1.0,3.0,5.95,1.791759469228055,35312136306.17751,8.0
0x593bf1d3422cf54aa07a05543d0462e27e660e29,0.036,normal,2160.984514346087,3.0,48.0,0.010555555555555556,2.0794415416798357,684815609219.0826,81.0
0x19515291d1859fa9e4bcc84d18434cd298b74ebd,0.0011,normal,276.4755560227649,1.0,2.0,0.2,0.0,129299098976.0,4.0
0x2af40bc2f3c1a8acf1a55b5874f9b65055d3e11b,0.0,normal,1719.1391208384268,25.0,109.0,0.013333333333333334,3.091042453358316,171639264683.18466,582.0
0xcafbbaefd77570c0bc747fa62311c055cb623ece,0.9684,deprioritize,1389.491019019595,0.0,22.0,0.023333333333333334,0.6931471805599453,6740909591770.026,51.0
0x4ac362fa033386f59675c6d51099add5c9fb2d1a,0.9998,deprioritize,1716.2116671697906,1.0,36.0,0.0,4.02535169073515,6378951770441.941,70.0
0xccb4ff3d7ad7ab7c3647f181565c3c61a1ed0a34,0.0,normal,1686.576308377639,21.0,28.0,0.03,0.0,3005467109776.0776,120.0
0x85cf13e557264398093b44e95a1a4b5073a01416,0.0003,normal,283.77194495482576,0.0,9.0,0.013333333333333334,0.0,101219024366.22221,7.0
0x6ede346bccd09b1fbd74c2b4a031e1e54bd58561,0.0,normal,1486.9872458809946,39.0,33.0,0.016666666666666666,0.0,3106517551872.977,107.0
0x459f9297591bb599bfd6390aef1990fa22e5bcb8,0.0,normal,1497.8928245892487,3.0,79.0,0.006666666666666667,2.772588722239781,630284772603.6324,181.0
0xabe41f5fb481c66d760f14212dceeb9580124ba3,1.0,deprioritize,1713.1805560855098,1.0,28.0,0.013333333333333334,4.02535169073515,8720492431718.519,63.0
0xd9d375c30061cd247e9691d8c4fbd660e2827b73,0.9826,deprioritize,837.3751394221877,1.0,5.0,0.03,1.6094379124341003,1173777454752.4397,28.0
0x2536ee17bf914cd6d72ec9cbf9502de9f1bbdfdf,0.0,normal,2455.3149426641894,0.0,142.0,0.0,0.0,765498338173.7109,302.0
0x69378a175749f1f5b9f5574684f3af6aab5b0018,0.0,normal,2133.8281255860543,6.0,88.0,0.058055555555555555,0.0,14414351797947.35,105.0
0x02ed7d45040fc9b930040e30a2cdbc796792035b,0.0,normal,1717.7489473866203,1.0,208.0,0.0,3.295836866004329,149183604880.33392,490.0
0x09bdff1a9d98a1fb81d982ad2b192dd49a932296,0.0,normal,2544.164919731297,2.0,96.0,0.026944444444444444,0.0,562538352768.2413,131.0
0x36e1d3b78338afffe565d50c441c77344ed78865,0.0011,normal,3160.86091517037,2.0,24.0,0.042222222222222223,0.0,39523077313207.15,45.0
0x1a4d81ee9c7d9b18bfae17f7f4e3a7649fa89e4c,1.0,deprioritize,281.60125082161966,2.0,10.0,0.02,2.0794415416798357,6074071362987.0,13.0
0xaf6ac9e4b68fb3da8fb95fac1e072a2917b4f78f,0.0,normal,2739.9532647117944,3.0,156.0,0.0,0.0,231738396669.44867,286.0
0x5522a2bf89ac33e7d26b7e28167d371cb61ce17a,0.9987,deprioritize,869.335973351399,1.0,4.0,0.09666666666666666,3.295836866004329,1728972131874.6655,21.0
0x5f36ef6159685179fe34c1bdb79b08d206843a25,1.0,deprioritize,279.28541779711844,1.0,15.0,0.2833333333333333,2.772588722239781,626412776997.3019,9.0
0xec9da9e7b71be71ceb4a01cb696946511c1727e2,0.0,normal,1428.1885312241316,26.0,17.0,0.03,3.4339872044851463,6665296299804.719,63.0
0xcc0837a34af3ef10b8f95c65bca1ca44eabbe1ee,0.0,normal,2149.053982614839,2.0,78.0,0.010277777777777778,0.0,6147905729751.007,87.0
0xa19d833dbb8bb26840d079de1003d25373e089a8,0.0,normal,900.6769456018645,11.0,103.0,0.0033333333333333335,2.70805020110221,359931437424.61475,130.0
0x3a634e16cafae288199a62ef2061d65adf123c06,0.0,normal,2194.583751183889,1.0,52.0,0.009166666666666667,0.0,2672703953597.4824,97.0
0x1930b7f236d94e872a0b9ded104ba092d85a3856,0.0,normal,1991.3711701768968,0.0,249.0,0.0,2.0794415416798357,67126220612.69521,502.0
0x487b52948aeeb8bbe3008afd4f92b8220a235d68,1.0,deprioritize,1669.9538208692245,1.0,23.0,0.012777777777777779,4.02535169073515,23689162683544.5,49.0
0x4e7bec47b0c553fd0e70912d9023b6e881bdc710,0.0,normal,1788.1801981860867,1.0,125.0,0.0,2.6390573296152584,1808859726730.4392,117.0
0xce014dac4bb61aaa55e09ebfda901cff1c2de989,0.8908,deprioritize,1117.4948625756138,2.0,53.0,0.0,2.0794415416798357,1559978224949.1794,81.0
0x14265a87f5f81b2bfa3ff94a634fe6c14ae86295,1.0,deprioritize,512.3819459145709,2.0,3.0,0.08,2.4849066497880004,19318871018675.715,13.0
0xf1e23d1c56e309ecf0fc695f0cd3b7edfe08ded5,0.0,normal,1641.4540986932648,0.0,29.0,0.03,3.4339872044851463,3292897641210.84,121.0
0x8fac841807e21807f511daf3c04a34cd78661f4c,0.0,normal,2139.8180801783087,0.0,249.0,0.0,0.0,125808597709.32318,640.0
0xd55fa8efce8d5614ea62eeee32e6060a1f845320,0.0,normal,1546.9374669356148,113.0,91.0,0.016666666666666666,0.0,134543810805.77164,308.0
0x837cf2dfcb3d14a44545e91399dc0400ef42eb3d,0.9662,deprioritize,998.0962516809834,7.0,29.0,0.02,2.0794415416798357,1329621482065.1094,63.0
0x4a985dd4279db1150c2e964fa8c30ec3f8c960fc,0.0,normal,1127.7858350187953,7.0,12.0,0.02,0.0,9251370867246.39,43.0
0x9445e53f069203f7a396838ebef11f90c517164f,0.0,normal,2164.1592030759157,0.0,134.0,0.016666666666666666,2.0794415416798357,434225811823.74005,283.0
0x5afee67546f695b468f23e147fe95cb0c05990c1,0.0,normal,3105.2938097205897,5.0,125.0,0.019166666666666665,0.0,11915141655615.99,176.0
0xde0e14e314ec13cabc21272f9dd27dec0c92b504,0.0,normal,2288.401923204583,3.0,238.0,0.0,0.0,115641666962.0511,389.0
0xaa33f700653c8bec7b731b9de3e81bfe53b8b8e5,0.0,normal,2316.086842577361,1.0,132.0,0.017777777777777778,2.0794415416798357,340990193361.8383,274.0
0x5e14d588d95c4d166d80a542eef1bd9ff11a6dd3,1.0,deprioritize,280.2591690859033,0.0,3.0,0.36666666666666664,3.091042453358316,17260579065.6,6.0
0xb73fb8e791c4d24a8923d7c7693d02c589caee65,1.0,deprioritize,1669.9687871424303,1.0,23.0,0.014722222222222222,4.02535169073515,19085107888876.18,50.0
0xc4476ef762e2d53494493e4ad99cfc8ed8c08dde,0.0,normal,1718.927826496575,20.0,31.0,0.023333333333333334,2.833213344056216,3806449817949.346,145.0
0x8cc29bf9f2a886d48725b40bb708bf27d0b4ae16,1.0,deprioritize,283.7411135394788,2.0,3.0,3.8033333333333332,3.091042453358316,6440364931248.0,6.0
0x9df29f7e3cf37506882b75f09d244afd65a23818,0.9997,deprioritize,313.6523635403812,4.0,14.0,0.023333333333333334,2.6390573296152584,1175685727919.6736,22.0
0x321f179f74f096ecd01751f62f2518c83d2f72bc,1.0,deprioritize,1708.2606853011803,2.0,25.0,0.013333333333333334,4.02535169073515,11535352355769.03,58.0
0x1ef6242720beb2893ee2310b63ff46fb2cf37217,0.0,normal,1387.3691343779392,11.0,46.0,0.0,0.0,1238717310224.1296,154.0
0xdddb8a6aeca765fa513c3fefc755800072e3c29a,0.0613,normal,913.4726413302317,13.0,16.0,0.04,2.0794415416798357,995980674024.1731,38.0
0xd0058799f6e7bebd921d94b12e25dd7a955049c5,0.0,normal,2186.5816112395596,3.0,105.0,0.0,0.0,5985678045140.641,240.0
0xc669add6951faa65b617c3e13101c06b6b2b998d,0.0001,normal,1184.8488915339801,12.0,65.0,0.016666666666666666,2.772588722239781,1262095651276.4858,104.0
0x8688a84fcfd84d8f78020d0fc0b35987cc58911f,0.0,normal,3297.618579044582,68.0,143.0,0.014166666666666666,0.0,14829737739776.23,208.0
0x0e7e311b25ba9833a9599a6745422bb8fe8bec6c,1.0,deprioritize,276.4191693765394,1.0,1.0,0.6566666666666666,3.295836866004329,7296740.0,5.0
0xc4fc50f53118f8b95006a4cd87ad6b703b64fd59,1.0,deprioritize,1324.1309749329641,6.0,43.0,0.006666666666666667,3.4339872044851463,17008676130622.027,66.0
0x67d6140fda661346ad4785f35412aa43fa3224b1,0.0,normal,1541.8293661423966,0.0,118.0,0.02,2.6390573296152584,754080832560.1375,203.0
0x51972e96e65bb3f5dc07787d0a90342620dd4453,0.0,normal,1708.2611023255079,1.0,121.0,0.0,4.02535169073515,439868966213.7022,307.0
0x71ecbf3ff2d212f6930c5fd0837a38edf9aab28d,1.0,deprioritize,1698.004053816042,2.0,21.0,0.013333333333333334,3.1354942159291497,18920253873768.28,50.0
0xd5ba25f7f80c2daca180e63acd0806b6b4e5423b,0.0,normal,2119.5267158551046,12.0,47.0,0.0,0.0,11335612369796.957,113.0
0x9ebd2252f08856d64b5da99ead8252d7b6ab4392,1.0,deprioritize,1669.9856857709367,2.0,21.0,0.01,3.1354942159291497,23814044876671.074,50.0
0x6bd986905130adb87f8e6d946b3bbd46f8527c8e,0.0002,normal,1669.9409288285756,1.0,23.0,0.013333333333333334,0.0,19145350438138.28,46.0
0xbaf5eb33f2efc66830ac88b0e6a1c6dd251221fc,0.0103,normal,2132.0208478121654,1.0,17.0,0.02722222222222222,3.4339872044851463,1791890625721.6123,40.0
0x11e6ac97c934e4575aa69e2ce52abb7a6aeb4aec,0.0001,normal,1914.9687876299768,3.0,49.0,0.0,1.0986122886681098,3524556443672.5645,119.0
0x42aa1ac72ff608610ec506f3cccd4ac394f2705e,0.0,normal,853.4395862518057,1.0,171.0,0.0,2.4849066497880004,76332580533.32166,210.0
0x385fb0a1285d5239716203e80d03e77dfb4ce5f1,0.0,normal,2187.097260046494,0.0,132.0,0.0,2.70805020110221,92154152987.14813,220.0
0xfdfec1cbc5a10fc8f69c08af8d91ea3b5190b5e6,0.0005,normal,2139.6231051221516,0.0,86.0,0.0,2.302585092994046,2116563620726.2253,123.0
0x689c44e0f4d91aabd7d66b23b29032b665e99b4b,0.0,normal,2182.050836631609,0.0,138.0,0.0,0.0,1458444175445.1455,246.0
0x16f4c1b128a30c631f9f5332b9f80154a033a109,0.0,normal,877.869447869722,14.0,17.0,0.01,0.0,1982113283593.1338,67.0
0x024d41e5f24b465af788c624fa202ddbf50e6888,1.0,deprioritize,1708.260211760752,2.0,25.0,0.016666666666666666,4.02535169073515,9323786484923.049,61.0
0x3b7a7674a43936e9f0d4aa98bc73f990cd726029,0.0,normal,3217.3440312080334,3.0,237.0,0.0,0.0,573360439208.7611,602.0
0xea611e681b294c2e2137ef14b782a9e80cc6a44f,0.0,normal,2299.9032675518756,0.0,203.0,0.0,0.0,205860179456.38223,435.0
0x1d393fe74f1e04244eb258e93b7a74fd67790e7f,1.0,deprioritize,1713.1794945673507,1.0,27.0,0.013333333333333334,4.02535169073515,8577622380608.793,58.0
0x64e7462846ecf2e1577f899cc34b76fed6425960,0.0,normal,487.05778160744245,40.0,15.0,0.0,0.0,535464928193.4304,46.0
0x45e48d205bccb44a1132f3afadeccc33121d7918,0.9998,deprioritize,1716.2108950356255,1.0,29.0,0.01,4.02535169073515,6702696786568.957,65.0
0x724ddef3334ee466185647d457b63452ad1d35d8,0.0,normal,1109.0795871688067,6.0,81.0,0.006666666666666667,2.772588722239781,294943735984.03955,162.0
0xa0bec59a3cbeb0eca17c3e21382562d995286c34,0.3996,normal,2125.521508495394,0.0,65.0,0.0,2.70805020110221,1145446607790.6206,96.0
0xa7abbf2a689762a8121ea6e151ab539dd6a6f18d,0.0,normal,1509.6766242637264,7.0,49.0,0.023333333333333334,3.4339872044851463,1312631040935.5022,153.0
0x595666db0a490c080f9be61dd6cc99d39674a2f4,0.0007,normal,282.17417056604114,0.0,9.0,0.09,0.0,3088136328618.273,22.0
0xa6e8e9d5e86664b00e48a88f1602ef905c1492c1,0.0,normal,1453.4667400118294,7.0,37.0,0.04666666666666667,0.0,1071854398284.8242,119.0
0x51a84e8b8111bfade4c478836e9f58e85b333999,0.0,normal,1851.6948997393415,1.0,20.0,0.02666666666666667,0.0,11176086183205.715,48.0
0x760f755d7e14b1cbfff86fe705101f0a19a58097,0.0,normal,2914.302642797535,0.0,81.0,0.023333333333333334,0.0,9751561865442.533,250.0
0xc26c47ca8b3108e0756f954d42f52faefe514d3c,1.0,deprioritize,276.33083725877384,0.0,9.0,0.21333333333333335,2.0794415416798357,279733938485.75995,9.0
0x5a309aca9beed3654bb0834689c51f0f4da59d3e,1.0,deprioritize,1306.603476148681,2.0,33.0,1.5533333333333332,0.0,8463451368555.354,40.0
0x69bb771e5cc15d5cfa2ffcaedb49f99c965c0fef,1.0,deprioritize,1698.0063580968506,1.0,23.0,0.013333333333333334,3.1354942159291497,16440326286151.107,53.0
0x849d046dfb65e7bd680f5022613c1c8ae9a52367,0.0515,normal,1922.0342168954871,0.0,70.0,0.03,2.70805020110221,1754006678862.261,123.0
0x152ac2bc1821c5c9eca56d1f35d8b0d8b61187f5,0.0,normal,2445.6780247813435,9.0,127.0,0.0,0.0,751343945994.6475,321.0
0xa0710d6b75f7174ac09b145458e41a76d6d59f2f,0.0,normal,1630.2538234578817,1.0,29.0,0.04,0.0,1609311517136.5947,95.0
0x26921a182cf9d6f33730d7f37e1a86fd430863af,0.0,normal,2316.4829438315496,0.0,317.0,0.0,0.0,156300519847.7119,600.0
0x7686b388933b820e28bf40d024935f1c369c998a,1.0,deprioritize,1098.9562544731823,8.0,20.0,0.013333333333333334,0.6931471805599453,14810135269020.443,32.0
0x59d7d3bee897a4f3105b090d60f3a5508d7f3306,1.0,deprioritize,516.7041711418054,2.0,4.0,13.22,3.091042453358316,52214561415459.93,6.0
0x92eeca199466877a56eea7b939b54717f6acbc2e,0.0,normal,1641.5227012352893,1.0,71.0,0.02666666666666667,0.0,600918191467.924,268.0
0xb5392ba615af8562fd6454dcd9042f0b864d3526,0.0,normal,1657.559009119791,2.0,116.0,0.0,2.70805020110221,850558884685.6522,210.0
0x4264f50f8eb18f02b474eeb8cc996d77fb796be3,1.0,deprioritize,297.7695878630435,2.0,13.0,0.04666666666666667,3.295836866004329,8142164079435.102,18.0
0x1f28051e741eb766002cca0a078c54ae0e895a37,0.0001,normal,881.4284767531714,7.0,9.0,0.016666666666666666,0.0,17486345414049.55,39.0
0xad4c152f49ff8a13ec3f17e187655d6cb1680224,1.0,deprioritize,489.5352823101039,6.0,16.0,17.39666666666667,0.0,6827517579651.976,28.0
0xc08389d06f81d445df0e803948d6ccc1cd512345,0.0,normal,2158.65939110786,0.0,177.0,0.0,0.0,805860315652.8002,221.0
0xc888e367fbeeaf21d83d170c4307f8efe11dc621,1.0,deprioritize,276.35917130952635,1.0,6.0,3.1933333333333334,3.091042453358316,697368736076.4298,7.0
0xa07b9d4bf5e69b9e38a4f8c6abb8a4a9ee5bfb3e,0.0,normal,3057.6985578847925,0.0,129.0,0.0,0.0,1919054040833.2566,262.0
0xf92cb987226bb5ecb62089211a0685448068bb8f,0.0005,normal,869.2900047194903,2.0,19.0,0.14,0.0,6917266967646.86,30.0
0x7a0d3bdb0306cb5e113855c409cdabf3688d0b64,1.0,deprioritize,1716.211439906632,1.0,34.0,0.0,4.02535169073515,8230028019442.869,65.0
0x78bf077d5c9a261c3aaf1a9f2ed2117a87b47b3b,0.0008,normal,386.9127825030795,1.0,6.0,0.02666666666666667,0.0,6254625050871.75,17.0
0x7b0b0e8d7fd42f85f0897fd11d4fb22f415ae5c6,0.0,normal,2147.9153635227653,1.0,47.0,0.0,0.0,5348572490996.223,79.0
0x7a6cbd7a4562021fbdc0ac328c6c572fd703087a,0.0,normal,1958.8947038179856,3.0,296.0,0.0,2.0794415416798357,77134784849.95897,516.0
0x66fa1b48be0e4ededc40ab1df4da8cba799b826f,1.0,deprioritize,1669.9470769787608,0.0,23.0,0.013333333333333334,1.0986122886681098,17927780320809.51,48.0
0xdc0866b68640f2bd525ebd64a7bb1a032c1b39a0,0.0007,normal,276.33083855554463,0.0,20.0,0.01,0.0,1076187016826.3291,30.0
0x20897a7d7e7bdc6fd1245561ee2214d47edbeff2,0.0,normal,1467.9890677261214,7.0,65.0,0.0,0.0,536673025679.1658,227.0
0x8a25a367d2ea6b95274f2231154bbd13f8dfabac,0.0011,normal,282.54694968566025,6.0,6.0,0.016666666666666666,0.0,4457102856633.0,12.0
0x3e7eaa58188f5c61e4f89fb6b131a68757ad693e,0.0,normal,1949.9131649644562,2.0,92.0,0.0,0.0,1363330205497.4438,121.0
0x1239f425fb4d403a83264c20e27e7cefea5bbf34,0.0,normal,1914.335213599641,3.0,63.0,0.0,0.6931471805599453,5569760564702.189,229.0
0xe4e2d6e450f01e276a410a891b734ee517ce20a8,0.9997,deprioritize,1716.2114404606239,1.0,39.0,0.0,4.02535169073515,6045616395054.857,73.0
0x9db5af355806fda9f9d67d50a3a8c28d08e9b034,0.0,normal,2311.150653428507,1.0,8.0,0.375,0.0,13781594879759.24,39.0
0xd906979081fcb040f00213e86fb887a12de2c495,0.0,normal,2419.667864078565,13.0,159.0,0.010277777777777778,0.0,343688564133.50433,376.0
0x368706b2f299635e63b513f93f329fae8f366b48,0.0,normal,1991.1117762115737,0.0,97.0,0.0,0.0,441701387069.5745,280.0
0x0e40691650fc13107a4a258d1ae48a5b3e8c1869,1.0,deprioritize,1713.1771235927442,1.0,26.0,0.016666666666666666,4.02535169073515,8423197776895.954,60.0
0x7cef90be099fc8b0e4bc67197eec82f9b120844c,0.9998,deprioritize,276.3611166513297,1.0,21.0,0.006666666666666667,2.70805020110221,4133128125906.0503,28.0
0x0507b3ffe3836ad0f256f3d53b8fa7653e54e2eb,0.0,normal,1525.1227023011916,1.0,178.0,0.0,0.0,433544098812.783,270.0
0x49e8f08528a9a66edd472dbc5c90f59b8b4a81bc,0.9112,deprioritize,1134.098061211101,9.0,10.0,0.03,2.4849066497880004,5348000879839.072,43.0
0x948602fd48a176d50eb9fe948f2c7632b0c0d280,0.0,normal,3154.5364524166785,0.0,107.0,0.0661111111111111,0.0,4560708971760.809,374.0
0xdcc1f0af33526f1fc3905fb0104d81919d2e1571,0.0,normal,2325.843894615601,1.0,68.0,0.0,0.0,5277716595417.568,176.0
0xd5f38a0f3ababf82f62ff8fb701f649a17835e8b,0.0017,normal,326.5738946290038,2.0,2.0,0.26,0.0,1841528244494.2222,6.0
0x8319c5cd7390f03d5ac39c77a931b245a953f04f,0.0,normal,2147.2237904632643,0.0,75.0,0.03,0.0,6714822561516.349,108.0
0xf1cef11fe10a3b397d52503283c944293c8ea39b,0.0,normal,1342.72625576088,44.0,42.0,0.016666666666666666,3.4339872044851463,2520980895618.8594,104.0
0xb4a0dfc3dfa65e1658e84717f16d5c67362e6d51,0.9952,deprioritize,789.6051446540405,5.0,28.0,0.0,2.9444389791664403,3647387048570.4,32.0
0x68b33f0887a655ade355ecf5c572ab037506f271,1.0,deprioritize,620.5780613232183,0.0,13.0,0.07,1.791759469228055,6299277013575.197,20.0
0x351d25c68067b8d282c67cf966270d601e164c28,0.0001,normal,873.3307002136222,0.0,32.0,0.0,0.0,5048535660719.206,35.0
0xc6803667dfef39017f09c3ad3409fc8195fd0176,0.0,normal,2238.347760402094,0.0,46.0,0.016666666666666666,0.0,3051916045978.4297,129.0
0x4962c79be5d228785b24a1a48a4d4ef54641181c,0.0,normal,2127.983755780185,1.0,150.0,0.004166666666666667,0.0,46424545677.62335,228.0
0x0267c9fcfbdb0ae92fb9a6daa00fc8c23008bfb5,1.0,deprioritize,523.3593114621882,8.0,9.0,0.04666666666666667,2.9444389791664403,13214150793237.719,16.0
0x7d4d64a7b34310d5cfc19181b2a526cdcf462cec,0.0,normal,1987.5166725744086,0.0,76.0,0.0,0.0,3415693591822.401,119.0
0x563284bc519d0cff8c7f66e31a0bbc213d0cf776,0.0013,normal,276.33083925765146,0.0,5.0,0.15,0.0,2026727792547.5557,8.0
0xfcbd1a3b6ef78b3a72d04726469c769ee26cc0d4,0.0,normal,3191.443593887488,1.0,272.0,0.0,0.0,2083322815626.984,261.0
0xf2fb34c4323f9bf4a5c04fe277f96588dde5316f,0.0,normal,2180.4664412762722,1.0,786.0,0.0,0.0,6010559714.296971,1011.0
0x57712a81bc58a61829711aa25e62f581ab117ad9,1.0,deprioritize,1713.1772681665502,1.0,26.0,0.013333333333333334,4.02535169073515,9977280675327.502,56.0
0x4965a90210b20ef3420801df04874dcce8fb1b0b,1.0,deprioritize,288.6120945587147,0.0,5.0,0.19333333333333333,3.091042453358316,5073958444632.244,10.0
0xfb8a6e6150f08c1f6409661d3bbd301fa8cabf60,0.0,normal,1333.4377890041444,57.0,28.0,0.023333333333333334,3.4339872044851463,1663250141286.3428,94.0
0xaeb92b269e33dc8b0d435ff0337459596e324f29,0.0,normal,2152.769235769248,1.0,47.0,0.028333333333333332,0.0,8668895819359.119,78.0
0xcea4f0c5ac4b0f673f6a618f836c8038d9159ef7,0.0025,normal,276.350566796608,2.0,11.0,0.013333333333333334,0.0,7397942178889.143,15.0
0x28ecac04d9c7bd3e09fd71fb12c415d5594ef699,0.0,normal,912.9493167976042,26.0,61.0,0.0,0.0,661906453650.3298,112.0
0xe58812eb435be7cd2497849f16ec297026a6d518,0.8629,deprioritize,1645.9030089384041,2.0,41.0,0.03,3.4339872044851463,2518509796612.959,96.0
0x62e7d4d2faafcf01bc8e020d24215523b1f490cd,0.0,normal,276.3509834803696,1.0,6.0,911.67,0.6931471805599453,20442574291962.12,5.0
0x1dc5eefe2d20d1ab0db794a4236df147c0f60921,0.0,normal,2143.7076385738537,0.0,455.0,0.0,2.0794415416798357,244960701029.5324,597.0
0xaebca95558272816d899e888096f27e9c1b6adc9,0.9984,deprioritize,863.2147346180788,0.0,11.0,0.06,2.772588722239781,2789122143859.501,21.0
0x15b6171e1e385ff6fb2cff36030d2d08f0cc1358,0.0,normal,2310.2658688793995,1.0,25.0,0.021111111111111112,0.0,1606182644767.004,70.0
0x577989d4b0e3313efcdd4c7413475458f0442f26,0.0,normal,2438.2773619397453,2.0,22.0,0.03361111111111111,0.0,8208462316920.474,73.0
0xccfff3e02bf9fb13ba341bfe8d8a292254266666,0.0,normal,1336.545845740868,15.0,24.0,0.016666666666666666,2.833213344056216,3011471414040.572,78.0
0x5e810c7f0065f6295adabf3203922f77b14ee099,0.0,normal,2344.626621206759,1.0,252.0,0.0,0.0,518094560564.4132,325.0
0x343bb9a0680b0153c687120b36d572e7731efcfd,0.0007,normal,276.3730683958668,1.0,6.0,0.023333333333333334,0.0,2170998289616.0,7.0
0xb5ec4eedcb9bf01d1128ae2ef145b2b4ea7541d8,1.0,deprioritize,326.51223506359867,4.0,9.0,0.09333333333333334,3.091042453358316,8369610262958.094,13.0
0x0ad247f244920cb8204c3ffb7f81669a30c54678,0.0,normal,2168.9128832129636,1.0,3.0,0.030833333333333334,0.0,20521136458880.777,9.0
0xde655d29a0098cbc2c80945f0f1338d43a4779a1,0.0,normal,3048.269295250925,5.0,336.0,0.0,0.0,1756342547646.98,469.0
0xbdd67484ff11939ef22428eadf7b170d6438df9c,0.0,normal,1234.2629300680894,0.0,57.0,0.0,2.833213344056216,705510154955.0874,129.0
0xa64b6286437138f715f6057f0464815031d96fcf,0.0,normal,1024.2233467424412,1.0,88.0,0.0,2.833213344056216,216286183702.61578,163.0
0x628f792899b3b43bffe357b54727c8f6a3f84495,0.0,normal,3059.7530227021516,4.0,82.0,0.02666666666666667,0.0,10104042086932.225,128.0
0x99390bac1919423b87e8a8517ebf396866745c72,0.0,normal,3079.801888462962,5.0,101.0,0.0,0.0,1239546843461.882,113.0
0xab02469559a8a4ac1131c99b018f4a9314f12c06,0.0,normal,2186.583670899029,0.0,465.0,0.0033333333333333335,0.0,712042280816.7723,261.0
0x90d178f6fa1b3346c5e00d5b1f5656865802ca08,1.0,deprioritize,1698.0056164821071,1.0,25.0,0.009166666666666667,3.1354942159291497,16770337762310.24,53.0
0x68573fa23b1c209d5f3b5615acdf3f062d524760,1.0,deprioritize,276.3715424393642,1.0,2.0,0.2,2.6390573296152584,38162739771.0,8.0
0x0b5f6a4c654e08a7ad6bf3a1c31aa4a135e7ae64,0.0,normal,1693.9687183665153,1.0,186.0,0.0,2.0794415416798357,541270141480.19763,282.0
0xc550d4524ea3d8f43aff6c2dc6212d0d5c58fce4,0.0,normal,2069.019713846169,7.0,150.0,0.0,2.0794415416798357,850158346475.2441,235.0
0x5a27d268e830655e908a0a2c3b24f572695af5e8,0.0,normal,2116.978243991586,1.0,441.0,0.0,0.6931471805599453,90526804448.94844,668.0
0x46dd290a71146f23c4891e644b85b1bd78370f4b,0.8883,deprioritize,1527.465848886586,0.0,64.0,0.02,0.6931471805599453,13081582525976.232,115.0
0x2eba51df550aedfdb23220c77121478f0f1cf3af,1.0,deprioritize,2130.8029669563416,3.0,52.0,0.056666666666666664,2.302585092994046,18043236568818.426,76.0
0x96e4e4e0ec2f9e4b25bd9645f072662d49bbe1d0,0.0025,normal,2310.7458952096877,1.0,7.0,0.26944444444444443,0.0,33214001143344.234,25.0
0xf111b3badd9ff13fb3ac0c05d2f74e2ff0eeb536,0.0,normal,1865.4550387295362,0.0,78.0,0.016666666666666666,2.302585092994046,2425666050557.8096,166.0
0x8d21e3c8993633546e89cb4a24e5c0a5bc4d97e5,0.0,normal,3224.110571156285,15.0,330.0,0.0,0.6931471805599453,469251985056.50586,593.0
0xc48dccdb8bdb5a64f5e8e7e12eacb518d521461f,1.0,deprioritize,276.3547386369109,1.0,3.0,0.15333333333333332,3.091042453358316,39377832335968.0,7.0
0x6ba9a926c08622bb18ab49845b0e2f39d82448ab,1.0,deprioritize,1711.1110349341427,12.0,67.0,0.013333333333333334,2.833213344056216,16067012074150.066,83.0
0x533ac1d2fd7590fe02704aa7eeb3d4c50f9fa4b1,1.0,deprioritize,366.3689053130895,7.0,4.0,14.476666666666667,0.0,32678408903470.812,7.0
0x4fe992e566f8a28248acc4cb401b7ffd7df959b0,0.0,normal,3831.172562721319,14.0,151.0,0.0,0.0,1174270882312.228,351.0
0x582c98ddc90dfbdd1d78e6efd5fa96d94bdc9c10,0.0,normal,1516.301451745207,0.0,92.0,0.016666666666666666,2.9444389791664403,947651010049.3151,150.0
0xc93832e75d4b71a1d25a39daf12157237feed735,0.0,normal,2002.861301313843,0.0,166.0,0.0,0.0,398967879869.0651,290.0
0x92cbe89b5cb1c22c2c16bc465caf34e3c80b617d,0.0,normal,1740.8723083326165,1.0,143.0,0.0,3.091042453358316,250706023578.34637,347.0
0x71b111b36938d2f06d690880c48c601a59777777,0.997,deprioritize,290.14126671256844,0.0,14.0,0.04666666666666667,3.295836866004329,2998736573193.235,37.0
0x4935460336bf242ef01b7f260567e391a639eb6b,0.0001,normal,1194.9109889362503,15.0,22.0,0.023333333333333334,3.091042453358316,3328235299114.531,71.0
0x8f5075a0795864253e1f11313e5f98accf512fed,0.0,normal,1453.2172968086463,2.0,41.0,0.02,0.0,1370373514879.0989,161.0
0x909f12df377343d0d935500da28530f9876f9f0a,0.0,normal,2833.17859311074,9.0,82.0,0.0,0.0,1871839022880.891,178.0
0x07295d129f841f2854f9f298f137c2ffc5ccff34,0.0,normal,3164.8945537975706,5.0,156.0,0.0,0.0,4945275441399.566,190.0
0x62ba33ccc4a404456e388456c332d871dae7ae9e,0.0,normal,2321.4559890852097,1.0,408.0,0.0,0.0,135583542651.56895,682.0
0xb2aac58cef4f006e7dca59314f6326675b8d5f18,1.0,deprioritize,1708.2589878724764,2.0,26.0,0.013333333333333334,4.02535169073515,14631626294871.73,62.0
0xb50af9e9b77fccbc95dde1ac037ee53d470ef420,0.0,normal,3167.9484091716563,1.0,67.0,0.023333333333333334,0.0,11388761939522.898,160.0
0x86d8b774f9afcfc3fdc59b267a7d9ecfa9a2627b,0.0,normal,3088.2052494638883,0.0,149.0,0.02,0.0,2649057421921.767,270.0
0xbacec95e59270ae311876a0bebdf3648e10ed9d6,0.0005,normal,276.51543470187596,1.0,6.0,0.013333333333333334,0.0,22541805542.08264,9.0
0x0e740c1e34428121661aaf91a8b14efb137980b8,0.0,normal,1385.0722981287731,3.0,41.0,0.013333333333333334,2.772588722239781,1521970607601.207,126.0
0x61a4ae15b0819904597e5117c4c8c7cee0a34aa1,0.0,normal,1662.2509786899304,34.0,95.0,0.01,3.091042453358316,629380827669.3206,274.0
0xb9880de935892635f7da012a26ef5a6a3d00b31a,0.0,normal,1672.2687564926732,10.0,81.0,0.006666666666666667,3.4339872044851463,2088213393197.9666,221.0
0x43faf3f8bef053d901c572edc32f055c20efb764,0.0,normal,2131.5452611455103,1.0,92.0,0.03222222222222222,2.70805020110221,2315865953542.9805,83.0
0x0d8ffd05c3b56604ef791afdebe4fc45f7ad69a0,0.0,normal,2146.5479347795495,1.0,282.0,0.016666666666666666,2.302585092994046,222935972167.66583,320.0
0xf256feae524cc8d33276a59f0096c60a4d1730cc,0.0,normal,1425.5009096125707,2.0,106.0,0.0,1.6094379124341003,349193702850.4163,327.0
0xe289442dfe30af8d64bd69037e02f25a48d88c30,1.0,deprioritize,1713.179335585082,1.0,24.0,0.013333333333333334,4.02535169073515,11470452243569.771,54.0
0x10599733ae4814f1688ae8063c8fe7f21b7035ab,0.9972,deprioritize,276.36376845793865,1.0,5.0,0.03333333333333333,3.295836866004329,98332789713.75,7.0
0xd0fe30d82c50c03e2bfda696b57fb2073d7b0a77,0.0,normal,772.5123795699659,0.0,1.0,0.04,0.0,171163124.0,4.0
0xf3672125ee53a845415ada7fc81d5cbe39e8faa8,1.0,deprioritize,819.6852962367706,1.0,11.0,0.02,2.6390573296152584,8675783217439.833,33.0
0xb20cf4112e09d78112347fecfe46a9b33a54abf9,0.0001,normal,1650.2781550344687,0.0,23.0,0.01,0.0,19081548386796.895,47.0
0x88398dac284753fc651cd475b42aa507413f4fd2,0.0,normal,1738.5663610550816,0.0,192.0,0.0,0.6931471805599453,113800477478.44603,342.0
0x9b269141e3b2924e4fec66351607981638c0f30f,0.0,normal,2178.21626855904,1.0,766.0,0.0,0.0,160167755723.46207,783.0
0x708134b8a2b3ad5b7e698766f53f59631e040745,0.0,normal,3170.9215490071174,1.0,58.0,0.03722222222222222,0.0,1501038820135.6033,143.0
0x497ae91b9bfcfd8d5ea2c48d715f843907a9c2e7,0.9916,deprioritize,1496.438643962501,2.0,19.0,0.16333333333333333,2.9444389791664403,3772925320044.9,65.0
0x34bdef7fbd9258bc5e03de6aea47af80c7415873,0.0068,normal,276.38502127961704,1.0,2.0,0.33,0.0,12095439048260.0,6.0
0xa9903d67066bd461f6e3f3a03872bbfe6f20c3bd,1.0,deprioritize,1708.2589911879986,1.0,26.0,0.013333333333333334,4.02535169073515,16403391527698.984,58.0
0x2d2f683f30113f7e9357b5345ca650864028ac95,0.0,normal,2227.1265259128586,3.0,143.0,0.0,0.0,1004357600542.4498,249.0
0x9c45e721b8759ad6bbaffaa567fb3b1db961f691,0.0,normal,1240.315854719121,2.0,27.0,0.0,0.0,4258695703708.631,88.0
0xf93eb2dbbd89e40125646bdefe4bb6258e2bda9f,1.0,deprioritize,1708.2607042595027,3.0,26.0,0.013333333333333334,4.02535169073515,10675335630431.25,58.0
0x0ad14df2bc9ad9f27d060e25cf5381a98aef01ce,1.0,deprioritize,276.3702991698489,1.0,3.0,0.9966666666666667,2.772588722239781,25081429988.57143,7.0
0x4dc63beabe9275aedf71a4890e23f97dd6e9579c,0.9996,deprioritize,1716.211688059607,1.0,42.0,0.0,4.02535169073515,6187870364695.199,73.0
0x79ee4f213b70f7d44c942172da200152bd3be99e,0.0,normal,469.1825213981254,1.0,66.0,0.0,3.295836866004329,1592879005255.3376,43.0
0x4647116a410ca5e80ee2be0077335bbf0db35166,0.0,normal,2528.2718732591334,0.0,130.0,0.0,0.0,679071375120.3481,292.0
0x66bdbb3021e435074cac834ac99359384b006451,0.9981,deprioritize,276.34307713702594,1.0,3.0,0.056666666666666664,3.091042453358316,343787334927.4286,8.0
0x2f1e4b9644a9ee9ec5a786d8aa8e900ad2085058,0.0,normal,2145.724743804664,15.0,97.0,0.0,0.0,1061702906525.3029,215.0
0xb266ce1f9a1ca3af0fbbdd29b47a1d32e00fd0e7,0.0013,normal,2139.1323132674065,1.0,53.0,0.035833333333333335,2.0794415416798357,108992345675.07559,74.0
0x05418c6a5f6470ed2d38a05acdd171fcce314873,0.0,normal,1167.40127161353,17.0,19.0,0.48,0.0,4746920315958.981,68.0
0x7eb9cd88f55f98b6efc268804a5f2131d3bb4a8e,0.0,normal,2936.8578341153484,4.0,42.0,0.028888888888888888,0.0,22153623900776.15,73.0
0x38148ecc2078da7f65e6233dda28efaf4c51e96f,0.0,normal,3298.7516998613764,10.0,503.0,0.0,0.6931471805599453,111653301241.91287,920.0
0x3f4d0a6654c8365b42dcaa8aa92d9034e2a6141f,0.0,normal,2557.9952803058563,2.0,160.0,0.0,0.0,392148288244.12396,214.0
0x32e2f310dd2996ac37fe0ce255e5ce1c1ffcda76,0.0,normal,3162.5704771514925,884.0,298.0,0.0,0.0,373789057251.5534,572.0
0x9b450f1b614bc279e867d0ff480777b39e120b0d,0.0002,normal,744.3487763481587,13.0,45.0,0.013333333333333334,2.0794415416798357,676475746161.8622,86.0
0x011267e3c189a83d315bcb23a2aa9232d4330cb9,0.9999,deprioritize,277.40766524421394,1.0,8.0,0.023333333333333334,2.772588722239781,3936080496907.1714,21.0
0xaa0cd555ca47b008dda20cbcd96caeb1884f8dde,0.0001,normal,909.211554134237,4.0,26.0,0.03,0.0,4278283914225.254,54.0
0x5f0321d52129849651b1544eb7fe97fb8c5ac745,0.0012,normal,345.6014152489244,6.0,21.0,0.02,0.0,3685069226727.213,25.0
0x4ff5da7e8cee923653f23161a2525853ecc3c0f8,0.0,normal,2311.8343897883788,1.0,8.0,0.050833333333333335,0.0,28410576109383.316,29.0
0x97d7b7e726a54ca33f806a6ce79cfe368e47987f,0.9984,deprioritize,284.17030414196626,3.0,9.0,0.023333333333333334,2.6390573296152584,493575603591.5554,14.0
0xf97b9aed0b0afef35542f09fab3c870d750e99c8,0.0,normal,2656.5626421059615,1.0,90.0,0.006666666666666667,0.0,776887207456.2241,1755.0
0x61b782449ebf299b15cf169691757c84ea1bd618,0.0,normal,1100.1219709713316,30.0,22.0,0.02,2.0794415416798357,2778227449453.732,94.0
0x6acea6d8ebb2eb9582d630d2c0ff1082fd96d1dc,1.0,deprioritize,1176.6108598630212,10.0,10.0,0.013333333333333334,0.6931471805599453,109678087328692.48,15.0
0xdc3c3823c6f8b16b65e2df71f29c7151d09c16ed,0.0,normal,3028.3665890307175,2.0,80.0,0.0,0.0,13457808027225.414,186.0
0x245c817bb7c5648cdaddc96cee166173094391f6,0.0,normal,2130.3188459909265,0.0,232.0,0.0,2.70805020110221,279463957851.8249,363.0
0xf2d1fd0e9212c103f96fd237d7ccb853d9bb1de5,0.0,normal,1458.143996678715,2.0,85.0,0.01,0.0,645667653136.7233,157.0
0x4fd3fc08aa91fa1205ee54864d5516eebc56cb28,1.0,deprioritize,1716.2105707794565,1.0,28.0,0.016666666666666666,4.02535169073515,8871184536918.482,61.0
0xe6b614e1cd825af735d4a9238131c3e21d25cfd8,0.0,normal,2320.6312652273036,0.0,44.0,0.0,0.0,5901739000634.014,129.0
0x4f5ef03e870332a1b42453bbf57b8a041e89efe8,0.0,normal,2936.1599457914353,2.0,261.0,0.0,0.6931471805599453,4019632517482.3657,344.0
0x1f33c0edbe591a2194978069c40bddf8c2059a5e,0.0,normal,1184.6887772672098,12.0,229.0,0.0,2.6390573296152584,42416946727.696846,329.0
0xb8bb32bd8873ca5099963baf9a2b4d688a510826,0.9997,deprioritize,1379.4234302595949,6.0,26.0,0.016666666666666666,2.9444389791664403,7698806425864.971,64.0
0x7be0fcc316dab9c18048e927c90396d733605c33,1.0,deprioritize,1698.0040784116668,2.0,21.0,0.013333333333333334,3.1354942159291497,19433093738207.668,50.0
0x5f5d8b3cf23368b9b5fab4e4a391a998803c292f,0.0,normal,1298.8389163767713,15.0,77.0,0.0,2.772588722239781,311431968422.707,214.0
0x5d26ab4d2f4ee10288f8352bc9928bac2adba5f7,1.0,deprioritize,1669.9855599102075,2.0,22.0,0.013333333333333334,3.1354942159291497,18816046391633.453,52.0
0x7811df09c3415e99beb22122123932e2fe1ef0b0,0.0,normal,1982.6882103754167,0.0,150.0,0.0,0.0,661454158118.0508,285.0
0x09e3ab1ce8126bc411d7132cb4673409a60023cd,0.0,normal,1566.1212775841439,0.0,187.0,0.016666666666666666,0.0,119295844978.00128,396.0
0xfcffe7aea3f70f7975cd64ace7717caa211a706f,0.0,normal,1332.394611004191,0.0,33.0,0.043333333333333335,3.4339872044851463,1385477617835.0864,121.0
0xbb511fa95817211fb15d05183046782625a6331f,0.9998,deprioritize,284.0903054515631,0.0,6.0,0.12333333333333334,3.295836866004329,91256984115.55557,10.0
0xd66dcff7d207dd5c5d7323d99cc57d00fa92d4ea,0.4834,watch,2184.9458494340047,1.0,56.0,0.0,2.302585092994046,2705380787658.259,114.0
0xb70880e6232bf1057fc38bbd98ca8a9d5cd043ef,0.0,normal,1383.1145184480565,0.0,27.0,0.0,2.833213344056216,996082826906.2521,108.0
0xd262d146e869915444d0f34ecdaabab5ab43007e,0.0,normal,3004.356034655742,14.0,47.0,0.07388888888888889,1.6094379124341003,6015373037238.412,113.0
0x4a0ced750a31dfc005642bb1603ce3e40ddad857,0.0066,normal,3139.6393217042255,7.0,36.0,0.05305555555555556,0.0,44516558031301.75,55.0
0x736ea5b4966342445ee5a045335660c757dd3b65,0.0,normal,2176.8866943999765,0.0,33.0,0.025277777777777777,0.0,192648377212.53793,58.0
0xac89a53c033d5146da003ee21ac8fadb5ac34db3,0.0,normal,3349.808141169932,0.0,283.0,0.0,1.0986122886681098,234618165348.2152,501.0
0xaa42147f47e8c44eef892673f7addd489f5c6566,0.9998,deprioritize,1716.2110124085762,1.0,29.0,0.01,4.02535169073515,6641413758665.966,65.0
0xae8ec0f2279440c23fa776696198679e4ddce0c7,0.0,normal,3070.3154684309825,7.0,351.0,0.0,0.6931471805599453,375204574864.41077,489.0
0x05a9dc2662701527debfc1e34d136a3ba3909437,1.0,deprioritize,276.3315567755451,1.0,3.0,20.313333333333333,0.0,993722328.0,5.0
0x6734d27bc60e91b72f8f12e99618270a91a92678,0.0,normal,1333.6586401103934,0.0,26.0,0.05,0.6931471805599453,4750900141402.11,89.0
0xeaf8f3e5afd6751bd96142d90b91f89418d89cc5,0.0,normal,1365.3460012244323,50.0,48.0,0.013333333333333334,0.0,786544494943.2991,138.0
0x073040b17a2dd9e708038a9ae7e1ad099a647bca,0.0134,normal,876.4897512338421,3.0,7.0,0.24666666666666667,0.0,27060457604806.53,15.0
0x8f52f5eaffa522ffef4577687041188e34fe8081,0.0,normal,1835.416741975637,0.0,104.0,0.006666666666666667,1.0986122886681098,313011415174.5637,276.0
0x721931508df2764fd4f70c53da646cb8aed16ace,0.0,normal,2970.1921586645726,0.0,453.0,0.0,0.0,1108634529.6872756,1031.0
0xa9f7307309490cd980d495af64f33f2a75717630,0.0,normal,407.54767182472125,0.0,103.0,0.0,0.0,856466935054.3644,68.0
0xee225989232f1ec991c62d5d4f8a0d847e8261f0,0.0006,normal,924.6633663043987,2.0,17.0,0.043333333333333335,0.0,18818461373795.992,15.0
0x1f025a9be8b7d2e242fb621ba8d1996c8a231ef0,0.0016,normal,2219.533030657997,0.0,23.0,0.0,1.0986122886681098,2846275774439.0835,51.0
0xe18026b8d3ed02ced8368d2aa6376133f8442403,0.0,normal,2398.891919569249,1.0,57.0,0.015,0.0,3924749828674.948,104.0
0xffa13daf5b32e44758a5c4882f4df2612c0311b2,0.0,normal,1833.3747436625235,0.0,126.0,0.0,2.833213344056216,288880530701.0923,286.0
0x4da2d1578d837f896cffccdb56d8a6ec1892ef98,0.0,normal,1707.904408058309,18.0,18.0,0.0,3.091042453358316,726884363463.88,147.0
0x2eaec26aea6be4eecc11b51c526bbe508eeac133,0.017,normal,1460.0253339883575,10.0,40.0,0.02,3.295836866004329,2395952007966.0786,96.0
0xbbce57c4604149f97a10eaa4a718bc8f88b2e2b4,0.0,normal,2494.516074733588,3.0,136.0,0.016666666666666666,0.0,232459759227.60995,191.0
0x565b93a15d38acd79c120b15432d21e21ed274d6,0.0,normal,2372.6939683093515,2.0,178.0,0.014722222222222222,0.0,853974249583.5425,329.0
0xb66742514046ea62c647d1800c9f94585d64d467,1.0,deprioritize,1650.2705077488665,0.0,23.0,0.016666666666666666,2.9444389791664403,19462325448650.98,45.0
0xa9ceb2ea881e8b03072fede4454556ceb3a0d469,1.0,deprioritize,1177.4505887696284,3.0,12.0,0.023333333333333334,2.0794415416798357,14437418603065.135,37.0
0x0f476f28479a24e7a1917123be0b5434095849c6,0.0,normal,3033.883227660046,3.0,137.0,0.0,0.0,14306850790220.748,305.0
0x42edfb894e7daea8d8d6e9d031b531a9653b499c,0.0013,normal,276.3451721444091,1.0,19.0,0.013333333333333334,0.0,1612154489417.7178,25.0
0x8846f8934a8f4478cb2f9c5d80e234bab156219d,1.0,deprioritize,2308.0242809431834,1.0,5.0,0.1836111111111111,0.0,84756738066321.64,17.0
0x0c228a7cc9f7ee7956b30bdf914d65751cd2f132,0.0,normal,2168.334188351772,9.0,23.0,0.07,0.0,9439147443251.123,52.0
0x31573f6f29aaf7d7fdc3baefa2e6628b693cc340,0.0,normal,2128.7941883548847,4.0,52.0,0.0,0.0,2925695821260.111,165.0
0x4e331da3a462b70d165eb2055f6d5027944f6085,0.0,normal,3230.9317693846533,10.0,215.0,0.0,0.0,5388582141091.886,334.0
0x9bb8f4fb1b1707dd8656b452baa380c124ea9d90,1.0,deprioritize,1072.2580889742133,8.0,3.0,2.6366666666666667,2.4849066497880004,60140002443739.45,11.0
0x31a47094c6325d357c7331c621d6768ba041916e,0.0,normal,2152.7763644381007,3.0,607.0,0.0,0.0,65769387655.04064,515.0
0x0fe1ca75e46688915cdac437fc7dede7fcc86fe9,1.0,deprioritize,1131.7087863789002,10.0,10.0,0.12,2.0794415416798357,13341880117970.35,27.0
0x5a08224f8272ff7a2e152b2d845aa8cdf4b5a6d4,0.0,normal,3062.9093187878116,2.0,105.0,0.0,0.0,16986156629675.89,205.0
0x195f02b4ab8146163bf1ccc1725d46cd97b66e3b,0.0,normal,1182.9550364114123,1.0,66.0,0.016666666666666666,3.295836866004329,628118185230.4937,142.0
0x052564eb0fd8b340803df55def89c25c432f43f4,0.0,normal,2936.775950772663,3.0,558.0,0.0,0.0,37067398039.90108,835.0
0x86eeecc1a5d44785f6aebb3b1e4c4deb4d13414e,0.999,deprioritize,1485.4187679763772,0.0,29.0,0.016666666666666666,3.4339872044851463,5687815916219.974,69.0
0xb5c243aa4d1debb2191a527d9d0dfbe848d601aa,0.0008,normal,282.1639300166788,0.0,4.0,0.13333333333333333,0.0,45385686086.05917,10.0
0x140297e2a62241359d740ca84ce5e434419628f0,0.0,normal,3259.803305017628,1.0,267.0,0.0,0.0,1799954481313.7705,365.0
0xedf7b675a2fe3c27efb263fb4c204a3f0fb17d46,0.0,normal,2226.0670443758563,1.0,663.0,0.0,2.0794415416798357,25306577881.257587,1261.0
0x53822a0bbbcdca6db1e96d9ebdd748dea2e70ca7,1.0,deprioritize,1708.2607281338203,1.0,26.0,0.013333333333333334,4.02535169073515,9939817766380.234,55.0
0x928cb5e6b3aa473caa2b9c6bab87078d7bd70e6f,0.0,normal,1806.0232281373028,9.0,64.0,0.021111111111111112,0.0,5207740022211.132,75.0
0xc8934191f18bab86e5142d8d463aa4f19a7ba163,1.0,deprioritize,1338.2479619461794,7.0,2.0,33.74333333333333,0.0,78400493197172.0,14.0
0x89b6779936aec4298d758d0a51e8cfd3131aec65,0.0,normal,2432.9910985211227,3.0,51.0,0.020277777777777777,0.0,7101692469630.709,119.0
0x2e155fa0c26c1b2350676b6e219835deee5a7f57,0.9728,deprioritize,276.3308786243752,0.0,30.0,0.0,3.091042453358316,590813440556.4213,29.0
0xaa32a094e21ca249d44bc8305e6147f682932980,0.0,normal,1471.2821517751615,141.0,56.0,0.0,3.091042453358316,2071701454910.2576,132.0
0x36673685c7f593c0a94b4d6f7fee4e58bcaca75e,0.0,normal,1180.0811564156468,0.0,113.0,0.023333333333333334,2.6390573296152584,210044349312.50687,203.0
0x7ba24a4af0ca0e2355dcbcd6b471c8b5ecdb34f3,1.0,deprioritize,1506.917475890393,0.0,5.0,0.2075,3.4339872044851463,137727762678264.8,12.0
0xb9887dd1dbf43b5874b6d2fd779cfbab5296a571,0.0,normal,1234.163378669258,36.0,48.0,0.0,2.833213344056216,1056297719838.4941,113.0
0xd6cbe50054c9a9e3eed385dd2ba094f7e8018f34,0.0,normal,1954.1293740445128,1.0,117.0,0.013333333333333334,2.0794415416798357,535402326291.574,231.0
0xcaf8cf2cd59040f2bb1024fb122edbee3608696d,1.0,deprioritize,1312.149212063148,1.0,40.0,4.87,1.6094379124341003,554435593521.8998,36.0
0x200d2bac873f75525ce2b64e292e4097354afc43,1.0,deprioritize,1708.2599180872323,2.0,27.0,0.01,4.02535169073515,14222549293678.182,60.0
0xe317323f292dc0ce9e836f57320073a740744844,1.0,deprioritize,998.553795404931,0.0,19.0,0.03,3.295836866004329,13144045064636.158,30.0
0x84e3e0f568ed68b4f6827fe797444b3d5b1fd8b5,0.0,normal,1959.3951032771997,0.0,289.0,0.006666666666666667,2.9444389791664403,71439342658.01236,658.0
0x74fef623f3b222c820322901a8f64aeba9dd885f,0.013,normal,2335.699524792281,0.0,42.0,0.03666666666666667,2.0794415416798357,4195019166339.0894,112.0
0x08d368979e157162db0a293fb424cacbf995a03d,0.0021,normal,1124.3914345242138,6.0,21.0,0.09666666666666666,0.0,23626311668780.74,35.0
0x57ef012861c4937a76b5d6061be800199a2b9100,0.0,normal,2626.274432211331,17.0,27.0,0.01611111111111111,0.0,257496955.45603335,105.0
0xf7338745d089691badc3fef3df6f19ee2654efe2,0.9665,deprioritize,675.7368515284497,4.0,5.0,0.013333333333333334,0.0,41026229873620.0,13.0
0x14d768309f02e9770482205fc6ebd3c22df4f1cf,0.0,normal,3080.667534400197,8.0,373.0,0.0,0.0,100188004619.67577,724.0
0xacaaebe218387f16c2b2c15ff9890b1ae7a2ace6,1.0,deprioritize,948.0422695781953,0.0,13.0,0.023333333333333334,3.091042453358316,10186062662941.285,21.0
0xcd2cd42816d326d585f30b697db43d9f62cb3266,0.0045,normal,2136.09242004251,3.0,7.0,0.3738888888888889,0.0,6059156527272.431,16.0
0x41339d9825963515e5705df8d3b0ea98105ebb1c,0.0,normal,2131.1935658769917,0.0,204.0,0.012222222222222223,0.0,716078070916.7091,193.0
0xb98634e459f7ae61f7822e211cb4d71d58a0a244,0.0,normal,1334.0289365109966,0.0,45.0,0.0,0.0,1446140880869.6892,67.0
0xc3c5bc78188745ca0d7eff1949e02247233f5291,0.0,normal,2133.911274478924,4.0,109.0,0.0,0.0,1979016189233.2012,192.0
0xc948e737897018f07e68835c55e39776b320a732,0.0,normal,1707.3102907145492,0.0,22.0,0.013333333333333334,3.4339872044851463,2017595397496.4536,230.0
0x366502b8eb6b2b87ff88866d92300c839721ed20,1.0,deprioritize,276.34254766332054,1.0,10.0,0.79,0.0,290742753504.7934,7.0
0xb37be5f70d2da93f15bbea157ece1cd1ea726c6f,0.0,normal,1602.1285777569094,11.0,73.0,0.0,0.6931471805599453,886921566552.5874,211.0
0x7812e3739c2c1a390105c08906c915171a3b5667,0.0,normal,905.3774087912396,3.0,31.0,0.006666666666666667,0.0,443781735122.8251,82.0
0x44affe150f486feb9f5718c436622fb084c48376,0.0,normal,1424.089769907315,1.0,16.0,0.024166666666666666,0.0,1457174819899.2043,22.0
0xd6e94d80632b72f6cee4401e6ced370ec0b9999e,0.0,normal,1182.8824087979397,2.0,34.0,0.0,0.6931471805599453,632424992039.6226,100.0
0xd29f3eb4760efde9a7fd508a564d9f9e338d1e5f,0.0,normal,3076.063901857756,0.0,160.0,0.0,0.0,3491905592356.5225,196.0
0x5eed557a18268dd054003713f667d59ea977980a,0.0,normal,1490.598033903611,2.0,31.0,0.043333333333333335,0.0,2119637125031.4492,137.0
0xae256cd2d13353e549d09aea8d4105c8d1cc09d8,0.0,normal,1786.4087283533563,4.0,280.0,0.0,3.295836866004329,152548587598.49246,493.0
0x20ac89afbc2303ae45f24fc283339b371ff90c0e,0.0004,normal,276.3308813166784,0.0,6.0,0.02,0.0,51002523933.75,8.0
0xfb408fa20c6f6da099a7492107bc3531911896e3,0.0,normal,1792.656066502846,0.0,287.0,0.0,0.0,245947458573.1244,523.0
0x3a1db1cc7766f2ca85258b675ea93344d786ca81,0.0,normal,2150.139203252431,0.0,184.0,0.02666666666666667,0.6931471805599453,7011723169134.932,222.0
0x441d9169d1f2d6cacd72671495f0e2c8e8471ca7,0.0,normal,2166.7654186368623,4.0,3.0,0.034722222222222224,0.0,32899498646324.758,8.0
0x14a6f2245a811085a5101308fdfd0cead4fd7048,0.0,normal,3296.1691686377785,8.0,66.0,0.006388888888888889,1.0986122886681098,6975472870140.652,157.0
0xf903cb01ad8a8e6bf90f037cb2f79201d61010ef,1.0,deprioritize,1698.0056501447796,2.0,22.0,0.013333333333333334,3.1354942159291497,19019736549684.12,50.0
0x294b321d2d2cb3d66af77a0a0dc1d0a1c0593227,0.0,normal,1143.4729649618985,22.0,152.0,0.0,0.0,309586640003.9764,189.0
0x6d431d801912245eae8fdad9a12c107f080a1bfb,1.0,deprioritize,1708.2611478822569,1.0,27.0,0.01,4.02535169073515,10047424972846.318,56.0
0xe1a27208e39a8acfe81e1ab230bed577c8460296,0.0,normal,1251.4486594592008,1.0,73.0,0.013333333333333334,0.0,713265299400.2782,169.0
0x996c5db22d97802748a5bc0282ec3b6b11c245ea,0.0,normal,1182.83602058279,26.0,37.0,0.01,2.772588722239781,2450702185533.02,79.0
0x6fcd9a4e97406007c34bfb7497ab0d35b30d1991,1.0,deprioritize,1713.1806733649667,1.0,28.0,0.013333333333333334,4.02535169073515,9522133132473.96,59.0
0x222a2cc1d997cc8419266dc8e20f8f3100116766,0.9821,deprioritize,865.6283817014347,1.0,27.0,0.016666666666666666,2.833213344056216,1093635916635.4429,64.0
0xf53efc8469285437acb24a650463a5afb50dd800,0.0,normal,2837.4980807806137,0.0,245.0,0.0,0.0,909190744170.6183,540.0
0xfd1fb4757133876f62139557c5e3d169eeb918b5,0.0008,normal,291.98574309897094,2.0,9.0,0.01,0.0,22478595655.98488,15.0
0x66634daaa8fa052947e77e40339ed7c66cb9b9c7,0.999,deprioritize,750.6365764334963,1.0,28.0,0.013333333333333334,2.0794415416798357,2645862689038.5996,45.0
0xbba6b39d1e473755b97387c239ec9ea7c08f3d9a,0.0,normal,2135.712340325531,1.0,77.0,0.0275,0.0,8239874647202.644,154.0
0xf56fbe1957cf77b501d1359124682853ce34782e,0.0,normal,1495.0655232190866,5.0,57.0,0.0,3.295836866004329,197075505973.26736,215.0
0x9edc91edaac815bccac2533817d9d1b9cf2dbc05,0.0,normal,1327.1451875913087,5.0,73.0,0.013333333333333334,3.295836866004329,494558707669.7473,189.0
0x2d41cb6623e42e7bc2da6cac3f64374cd9543f04,0.0,normal,2169.6811945474647,8.0,21.0,0.0,0.0,10801364649750.783,39.0
0x43fc364ac5a51ee6c8a44b6adb80606bbb7607d0,0.0,normal,3160.425349642673,0.0,967.0,0.0,0.0,195562220074.04425,1211.0
0xf40c92096b29846c4ea8a18276fb169072f97d40,1.0,deprioritize,772.4915839148368,0.0,1.0,0.5666666666666667,0.0,25129870116260.0,4.0
0xafefe38728ffc54e41a8339f5bf5ac43494ebac8,0.0,normal,1075.5682505817354,3.0,54.0,0.0,2.4849066497880004,252643049384.56992,129.0
0x3ead00d7e1b95c5e99f287f04c72f62f2cb67c80,0.0,normal,3287.6881928426274,3.0,267.0,0.006666666666666667,0.0,2123365501764.6118,341.0
0xb177d1cbec7eedbc7321b0b73b8d903f7044a7be,0.0,normal,2189.0645587927543,3.0,86.0,0.020277777777777777,0.0,8037679952438.933,138.0
0x79c2b6e96e0b3e7ce6ade2e12b8ad3445ebccb5b,0.9993,deprioritize,276.3383898482996,1.0,10.0,0.10666666666666667,3.295836866004329,214761911020.8,10.0
0x031a569ff56670352e163c4991a24466bf0aefed,1.0,deprioritize,276.3331120715401,1.0,7.0,0.2733333333333333,2.6390573296152584,495289835631.0,11.0
0xdbd9d1e5742dbf471f6f63d5b02a7382b4fef151,0.0,normal,2139.6096977206375,1.0,82.0,0.0,0.0,2737135013362.79,157.0
0x3f3003dec579ffe478be29133c22dc1bb273a2b8,0.0,normal,2193.451827376747,2.0,528.0,0.0,0.0,220387191602.8565,840.0
0x1befff674d2e4e72a29ca97140e5ab3d89cc778c,0.0,normal,2441.0206268068046,4.0,183.0,0.04777777777777778,0.0,248332710490.00076,243.0
0x6909868ecda5840c3c50c85e9b7a11c26e9bad7a,0.9992,deprioritize,1033.7867266055196,1.0,4.0,0.016666666666666666,3.295836866004329,5999516538027.841,19.0
0x0cf0a59a89ab7f6d289a8b0b5bb1cecc234156bc,0.0,normal,1227.713948828992,4.0,37.0,0.0,0.0,914779762937.9415,124.0
0x8dbb6ad1710544089a90e740238bd09916cc9c1c,0.0,normal,1263.219226611309,0.0,15.0,0.09333333333333334,0.0,3351029903874.201,49.0
0x4ff927baaef402ccede41c8d438c50832baf5801,0.0,normal,1522.6535321687272,0.0,42.0,0.0,1.0986122886681098,1518120866222.0874,125.0
0x5c96aef83de0a4a6cd68c1bbeb1f2435ab323eab,0.0,normal,1337.0967266183097,0.0,69.0,0.013333333333333334,3.4339872044851463,675596651793.5133,171.0
0x1d219ff1b8b34937bb7ac9ba9ed1330dc74a1d84,1.0,deprioritize,2178.9253493136334,2.0,44.0,0.0,0.6931471805599453,24348518016560.035,71.0
0xde7e7651ba5d42c0b0af45dec81dbe817087342d,0.0,normal,2123.176460436864,0.0,7.0,0.045,0.0,491125835700.9752,14.0
0xbbdde8d468edbaaff20a1c3b45cb40fb76b051f1,1.0,deprioritize,1698.0055808086224,2.0,22.0,0.013333333333333334,3.1354942159291497,19432586185746.824,50.0
0x9ffe669c32ced95a688f381ce85f82b71ad7bb73,0.0,normal,1665.7623169217948,0.0,208.0,0.024722222222222222,0.0,308864633053.5074,333.0
0xc01dbd0a679a82a4c4bcabd3925eeae92c56893e,1.0,deprioritize,1533.261668912244,8.0,4.0,0.08,0.0,131546917900715.0,15.0
0xfb7b698d79ec545d20a82ba58f68e217f978aa50,1.0,deprioritize,1669.955766135672,1.0,23.0,0.01,4.02535169073515,19472604990010.67,50.0
0x33cd051be5004929d750f4e9a5bb741caf3aa76e,0.0,normal,3087.2529883601846,8.0,387.0,0.0,2.70805020110221,352207059316.0179,483.0
0xc9c1f2f1803c10bbbd1ce475ad6d12196d83d267,0.0059,normal,1655.8347027297566,1.0,23.0,0.01,3.091042453358316,2097555966087.713,91.0
0x5078dffd995df3323d4436033f08412e2447251f,0.9894,deprioritize,870.4054781980205,1.0,26.0,0.013333333333333334,2.9444389791664403,304138577381.24005,52.0
0x6cc0590805f1e9277156c800aeae205ff8291e5d,1.0,deprioritize,1708.2611610732172,1.0,25.0,0.01,4.02535169073515,11181439522247.729,57.0
0x64ed2c3c35cc6676be134f54feac19eda494d0e7,0.0,normal,1567.427272187455,0.0,91.0,0.0,3.091042453358316,961820600434.2101,179.0
0xe8f96132222b60f896e960b408fdf383ec797389,0.8868,deprioritize,1716.2124574058557,1.0,62.0,0.0,4.02535169073515,2541501036771.5625,98.0
0x4ddaad7da64f7412093b8b20b90db6025fe11997,0.0,normal,1333.9632560287719,0.0,24.0,0.04,0.0,2599867083045.3057,76.0
0x580eb9591eb975a78ac3de967c7c4131ec9051a9,0.0011,normal,2141.591600939375,2.0,54.0,0.045,2.0794415416798357,186192564332.2077,76.0
0x75adb6239b79564769b8b5ac65b5fea86ef367ba,1.0,deprioritize,1708.260026900636,2.0,26.0,0.013333333333333334,4.02535169073515,13868199127361.705,61.0
0x7caea457224c345d1518a23fbd07ebdbdd21170c,0.0001,normal,1828.7782560718529,1.0,76.0,0.06,1.6094379124341003,1807770730640.4666,90.0
0xf6f48c8c10338025c719861cec22c570a17dfc0a,0.0,normal,2140.8233023852663,10.0,80.0,0.0,2.0794415416798357,3905021303708.664,227.0
0xe26b6cdc3dd5d401defc6dc64cb203f2dd5df906,0.0029,normal,2151.277029268728,6.0,47.0,0.02,2.70805020110221,178770977809.36423,74.0
0xf90a8e2e43fb55b1960b6439f9fe481d812a6e02,0.0,normal,2127.023522337788,0.0,260.0,0.0,0.0,37478988330.87296,451.0
0x94988fb4be7c0569685fd2f988b2c71673747247,0.0,normal,1523.2391604003585,0.0,29.0,0.03,0.0,6149235196038.473,97.0
0x83c8dd8105f2b39f897ccc9581a2e7476865bd3c,0.0,normal,1336.006729848669,5.0,41.0,0.0,0.0,1954341414339.6956,142.0
0x7bafc0d5c5892f2041fd9f2415a7611042218e22,0.0,normal,2094.2202830953015,0.0,58.0,0.0,0.0,2330190257035.3066,132.0
0xaf617e81721a8ff1c1f55cd8dc999d7ee6b98eb3,0.0,normal,2311.019276167325,1.0,7.0,0.1738888888888889,0.0,7994333945899.921,21.0
0x8d4f54913ba39263395b0067f953355813223699,0.0,normal,2130.985016909363,2.0,89.0,0.03277777777777778,0.0,2321679185089.4995,184.0
0x9266ad96addf216ef46177a1a38be20c55e81532,1.0,deprioritize,903.2782576804525,3.0,10.0,28.58,1.0986122886681098,56688893123984.09,30.0
0xc9c01bc57186a5f0981c4e6f4884beaeb562e532,0.0,normal,3112.9481419413646,0.0,151.0,0.0,0.0,5209520916153.111,199.0
0x22ff1759921026f05f83f95099703a0f3f8da403,0.0,normal,1426.379600333541,6.0,21.0,0.01,0.0,7700636349341.904,92.0
0x15a96592f201e936128669d0741c5a54a9e5c16f,0.0,normal,2244.300387373564,5.0,40.0,0.0,0.0,36568755091613.77,98.0
0xc8c2fe4f62abb1be85c1b94658fd62ae87a6368b,0.0001,normal,2129.1835355288536,0.0,75.0,0.015,2.70805020110221,5280382541579.019,145.0
0x3367a005c2bef54f2836a616ce3e4fa2d35910da,0.0,normal,1730.0424823299877,26.0,182.0,0.0,3.4339872044851463,306126251284.12244,390.0
0xf4410150292df8af913c901c3319311280918ae1,0.0001,normal,900.3863134371296,2.0,21.0,0.03,0.0,1473311132658.8638,37.0
0xe839b2e436782ec0f52724e72b68d1c70cbc8f35,0.0,normal,2273.230815754097,4.0,668.0,0.013333333333333334,0.0,12464305030.364763,879.0
0x5eb816d0ad23439140fc7515f074e550f25e7fd0,0.0,normal,1917.1709607082744,0.0,32.0,0.03,1.0986122886681098,6650476901746.357,111.0
0xb96abc18d24eeda781f83be55ed737056965944b,0.0,normal,2413.0408218239468,5.0,62.0,0.0,0.0,15375238885455.97,90.0
0x8c0603f827a68476250fd27f964934a4e8d88e2d,0.0,normal,2156.758842669422,1.0,97.0,0.0,0.0,4876230487367.114,147.0
0x894d8502aa32714b2ec0ea6956f26fae3dd2a551,0.0,normal,2405.3487848422815,2.0,206.0,0.0,0.0,104526366261.77396,582.0
0x6fa41f2620a2fa4189935fe1e81912cb3ff3935c,0.0,normal,1543.895463303253,46.0,625.0,0.0,0.0,31234749714.562286,1802.0
0xb26b5a7c4b35efa73e2343a086af55b459cebab0,0.0,normal,2435.6303267070844,1.0,54.0,0.0,0.0,4629467335921.028,108.0
0xe3420041b6e88d753fd2ce306e2d823319a2012e,0.0969,normal,1323.9164609774643,2.0,66.0,0.013333333333333334,3.4339872044851463,1905981145674.8447,83.0
0x753a95c3201507df93091286f17eda5fe751dc79,0.0005,normal,1957.5305929627546,2.0,59.0,0.02666666666666667,2.9444389791664403,3130154854568.215,132.0
0xb4ce4408ff0129ec1ae11881a34c7db7d6f93b25,0.0,normal,2812.082873067453,1.0,165.0,0.006944444444444444,2.70805020110221,1268959354646.765,273.0
0x5ba9c6cb7831a7cb68544a1bcbd84f4bcb1bf5f1,0.0,normal,1184.2507667902444,5.0,28.0,0.023333333333333334,0.0,3263535616902.417,70.0
0xd6a9b584f4413200329e65d51ff3730bfb013579,0.034,normal,278.49326679336804,1.0,42.0,0.03666666666666667,3.091042453358316,1871860155.3055556,26.0
0xb722b5e55bc6df52ae9e1759981d8ced1103102e,0.0,normal,2089.4754079998947,2.0,74.0,0.0,0.0,2156834769427.8323,172.0
0x62a7e08ad1be6282e37d663c7079005787c07ed9,0.0,normal,1737.12028069787,0.0,123.0,0.0,3.4339872044851463,1207505911953.9314,234.0
0x2dc44481809e469b75f15e0a7660a4d6ff9492ac,0.0,normal,1523.2959867392012,0.0,23.0,0.02,0.0,6792784591950.132,62.0
0x2cb97dfdcb93ea3d4534739ff34fdb2665cc98a7,0.0,normal,1482.8167853524067,0.0,190.0,0.0,0.0,847652881512.2249,162.0
0xc8fc213ecb824d0b3083449156864b905d1a818c,0.0,normal,3124.6296558557397,90.0,173.0,0.0,0.0,3420896287287.1636,294.0
0xbe3966e1bb442f4949ded95c78c17350aa8f5c82,0.0,normal,461.46854496274284,7.0,19.0,0.09333333333333334,0.0,1336963350255.0,53.0
0xa73ced5b71f39647c29132367cb5ec6680b05093,1.0,deprioritize,1708.2589384836565,1.0,25.0,0.01,4.02535169073515,16009437944417.559,57.0
0xdd37bafeb3c24e22a76eea36a46fce4d61cc8ff0,1.0,deprioritize,2131.3117741344095,1.0,26.0,0.0,2.0794415416798357,17433687310227.64,50.0
0x76da9f88e63a85ba8bfa19f3821d5a271753d3dc,0.0,normal,2332.04835978633,1.0,391.0,0.0,0.0,285673962930.77673,657.0
0x5bf90819611518d2a3be56feeaacb8b8ff056542,0.0,normal,2156.8552469815395,1.0,214.0,0.0,0.0,75694335694.1046,259.0
0xe582794320fa7424a1f9db360a46446244065cb5,0.0,normal,3034.9489276506256,0.0,293.0,0.0,0.0,930949287751.7562,524.0
0x5dd8e872820fd5dacdde9420eb46003b612972ee,1.0,deprioritize,1669.9685349538315,1.0,24.0,0.013333333333333334,4.02535169073515,18657685686396.96,51.0
0x11cc64babb1bbf478e86208fc624dc9bc90997a8,0.0,normal,1762.9692294006131,1.0,58.0,0.016666666666666666,3.295836866004329,1987441358339.0173,135.0
0xc2d201037bdf8f7fe905f1073106bf4385b65a6f,0.0,normal,2508.914692376783,1.0,346.0,0.0,0.0,178224008654.49963,691.0
0xe470ff004d54afa823934f1ebfdfe55593c91cd5,0.0,normal,2130.484508879549,0.0,244.0,0.0,0.0,525856014899.8386,441.0
0x63bfa4dc77da8849033b16e53adec29df070ac18,0.9942,deprioritize,292.2477157024294,8.0,11.0,0.043333333333333335,2.833213344056216,19599831228.489796,21.0
0xae543109b66df80e334e8839c6cca79d3e3df1ca,0.0,normal,1112.8316045925822,0.0,189.0,0.0,3.091042453358316,100707023837.89569,260.0
0x34b9ae72f7e82397fdaca40d2accc307ef1c7f03,1.0,deprioritize,906.4068826202772,4.0,13.0,2.1333333333333333,2.9444389791664403,13907347209278.38,21.0
0x303068cb328ccc694a48d1c30dff626335887457,0.0,normal,2094.8577391031495,2.0,32.0,0.0,2.70805020110221,1996856455231.4443,146.0
0x3939d22af089bdfbb96322744234f69db1ab52f8,0.0,normal,2001.5638502193876,1.0,236.0,0.0,2.0794415416798357,213950136312.13455,417.0
0x9f77b2c3c1123ddccd7fb523c84843761153ddb2,0.9998,deprioritize,496.4636883442932,10.0,2.0,0.14,2.0794415416798357,6456701005107.841,14.0
0x2c850e289f4373c96b1d02e19ffcbf7689e97670,1.0,deprioritize,1713.1783411230092,1.0,24.0,0.01,4.02535169073515,11469260966489.953,54.0
0x4295b6f551db767fa3144d306d3c65ad314d9c3c,0.0,normal,1558.4330286254292,1.0,73.0,0.016666666666666666,2.9444389791664403,355432127746.1851,276.0
0xb46ca5c06586bd0f9db7708ee45760d1055cdd13,0.0,normal,3081.5612925258115,4.0,131.0,0.005277777777777778,0.0,470184792400.08795,170.0
0xf38f7cd54f32ec3d95403b53e303902f731fe457,0.9989,deprioritize,278.6707717692714,1.0,6.0,0.02666666666666667,2.772588722239781,25580320078.222225,10.0
0xb13833cbfaa547874334d594e5c9921f6e70e0d7,0.9991,deprioritize,284.04091065910956,5.0,8.0,0.09666666666666666,3.295836866004329,545320626278.75964,15.0
0x22f2c07bc08533d409b8853c5911af6c7361a18a,1.0,deprioritize,817.4491051046633,0.0,3.0,362.6333333333333,0.0,64428623442177.32,11.0
0xf83defd105302cc052a99d95fac95932c9f851c2,0.9987,deprioritize,276.3421606604396,1.0,1.0,0.06333333333333334,3.295836866004329,165984.0,4.0
0xd049f8db8fca59f3cc6a07a2371f78b04a300700,1.0,deprioritize,276.33091066119295,0.0,3.0,1.7566666666666666,0.0,3432313117.44,5.0
0x293d9eab4a6b6dcd263d71e74c1bd7d83fef5063,0.0,normal,2540.2768944576383,16.0,197.0,0.028888888888888888,0.0,769074198613.5424,298.0
0x1696554651861f268097f0feba182f2173edc69a,0.0,normal,1804.643873767894,0.0,35.0,0.016666666666666666,3.4339872044851463,2373050560986.854,124.0
0x31204422a4dc4eb6f662bdba74d61dd0def0261a,1.0,deprioritize,2219.533595994733,0.0,29.0,0.024444444444444446,1.0986122886681098,66618325041713.42,63.0
0xdeedc6e0bcecc550955602fa11d5de456c354b78,0.0,normal,1323.9357719273369,16.0,4.0,0.04,0.0,7177512158790.391,30.0
0x641f925b10d53226226c88d23cbe51af00643ae9,1.0,deprioritize,1708.258584428391,1.0,24.0,0.013333333333333334,4.02535169073515,16080915725017.9,60.0
0x79270dc449c8a33fc03267ccc822a37388734f93,0.9947,deprioritize,1667.3939895232877,2.0,33.0,0.04,2.9444389791664403,3002867449805.5776,66.0
0x602cc26467455cf8d6a741371fc0b6e05b76cab6,0.0,normal,2687.16371174942,0.0,56.0,0.02361111111111111,0.0,7268302559263.919,100.0
0x92be415b23f3f1cf4969f9320bab80a3344475cb,0.0001,normal,2141.1990937099663,2.0,18.0,0.009166666666666667,3.4339872044851463,313365613510.80945,29.0
0x68587a51dd8759bb6668432f068fa655c9341213,1.0,deprioritize,1185.7561886198737,9.0,20.0,0.013333333333333334,3.091042453358316,10795861598006.047,49.0
0x70ea59252fb1cd69d5703a685c7e0d4bdd767380,1.0,deprioritize,1698.004128436656,2.0,22.0,0.016666666666666666,3.1354942159291497,18418514099586.188,51.0
0x33338e7beb2cc2d041e2f375201828f9c818e33b,1.0,deprioritize,2367.605471031169,1.0,26.0,0.0,0.0,87884893574492.44,50.0
0xbe81cca2fc9f28e24ede0363ddfcdcba31ab1e3f,0.0,normal,3011.4592904783676,11.0,245.0,0.0,0.0,514744189096.6336,826.0
0x49b97c3e7da608ed7397a0301f2074c3892bc20b,0.0,normal,276.35063317657347,1.0,5.0,911.62,0.6931471805599453,45737593318532.0,5.0
0xa32767212b4c69e46a4ce7d5d72558d96be52752,1.0,deprioritize,1708.2602859553115,2.0,26.0,0.013333333333333334,4.02535169073515,9446214660717.889,60.0
0xa24c8bf7b809ba7396086c5ae962ed588d7ac233,0.0,normal,841.0357720693532,24.0,22.0,0.01,1.6094379124341003,6407842364951.381,35.0
0x73df608466fb7034541797d3d6db0630927b4e18,0.0,normal,861.3050776266555,1.0,6.0,0.06,0.0,493469139880.75665,24.0
0x9d7c9ad5bf81713c975279a94e67a4086f135cae,0.0054,normal,1297.0235498506133,13.0,11.0,0.02,3.091042453358316,3943513447003.5615,51.0
0xc152ed2e496e506179513919fe35780630a7836e,0.3745,normal,1211.309938741158,0.0,37.0,0.0,2.6390573296152584,471128180586.41437,84.0
0x7d4c4d5380ca2f9c7a091bb622b80613da7eae8c,0.0,normal,3083.5758646741315,4.0,439.0,0.0,0.0,76195641795.48557,922.0
0xaab9ea004e00e109492257aa7c35f3b9eab93331,0.9986,deprioritize,1109.8181346273504,1.0,31.0,0.023333333333333334,2.833213344056216,3067605066863.0195,59.0
0xdc8ec3519284ac8d442f0c09effc3f7b4d91b150,0.0001,normal,308.7571624090385,0.0,30.0,0.0,0.0,405546119695.8,26.0
0x48c89d77ae34ae475e4523b25ab01e363dce5a78,0.0,normal,3109.583956393078,9.0,191.0,0.0,0.0,3391376331821.817,212.0
0x53b9e44cc89d373a8a3dff3dd1b0fa8da22ffe32,0.0,normal,1967.5448824654409,3.0,105.0,0.0,0.0,480659298052.6169,224.0
0x90b24b07d291ff5bddfa778510e12633fd063364,0.9996,deprioritize,1183.1688292650244,2.0,39.0,0.03,3.295836866004329,5771050744833.361,59.0
0x48b691bdf3e93b4f5204e5761c2b438f6a268bef,1.0,deprioritize,276.3407737127084,2.0,7.0,0.34,3.091042453358316,573856474379.0,10.0
0x0d0051608c23c64533d10fef230f96bd31341a54,0.0,normal,2295.6958663062615,0.0,25.0,0.020555555555555556,0.0,639848316413.7196,118.0
0x7374bb48a5fdc16c9b216f3fcc60b105c73d1806,0.0,normal,2586.34330844992,7.0,317.0,0.0,0.0,855052678955.7523,531.0
0xf6b5925241894f5ec22bcbb7e0bcc5e0e8914b0d,1.0,deprioritize,864.17883047956,1.0,8.0,0.03666666666666667,3.295836866004329,22154001078453.75,14.0
0x9915ce890f0cb01ef89126014692e2c51f08b33c,0.0,normal,2030.000809647325,1.0,69.0,0.01611111111111111,2.0794415416798357,2083255785657.609,189.0
0x58232f42d3fe2e578ad886cbdf074ebcf80bf195,0.3934,normal,1522.9669902203811,0.0,61.0,0.02666666666666667,3.295836866004329,2594320656512.549,105.0
0x79ce80e90bd630b0d98e99a66ac74a951391b7b1,0.0,normal,1745.2657286643403,0.0,114.0,0.0,2.9444389791664403,339775884851.22955,341.0
0x8f20df3d4b6a030ce4cc2c3bb893b368e92c0ea1,1.0,deprioritize,1713.1785990805206,1.0,25.0,0.01,4.02535169073515,8896473468678.182,55.0
0x1e33e941870756cc2fc7efa9b7c3d8066cadd66a,0.9994,deprioritize,990.4870250090626,3.0,20.0,0.0,0.6931471805599453,7526900518640.636,46.0
0x247241950e829661b7e10db380b114e4af3fe7ec,0.0,normal,1324.0917472331944,18.0,25.0,0.0,0.0,4157738929823.2793,91.0
0x7dde479937296458cf1ea1271ffb535a0affa1be,1.0,deprioritize,1708.2607634396188,3.0,26.0,0.013333333333333334,4.02535169073515,9347736039478.375,59.0
0xd1ddc0f727935f376ba6f9f51b1e0fb481c25fb1,0.0,normal,3292.0659023313774,2.0,386.0,0.0,0.6931471805599453,452420592527.96075,535.0
0x981bdc26210ecab71082bdac88676288f5e92112,1.0,deprioritize,276.3361926315863,3.0,3.0,0.21,2.70805020110221,9779157646380.8,7.0
0x7cbe0db898e210d0e5f8f361b0e3c25186beba4e,0.0,normal,1363.3349426325356,0.0,89.0,0.0,0.0,503019195338.66876,166.0
0xa35ea0543788da4b6ed1fe9c96b82084e888b094,0.0,normal,1756.8888662595716,5.0,100.0,0.0,0.6931471805599453,2224402926704.083,164.0
0xc4f04f54817cc300ef252645fa91ad4d39df45a7,1.0,deprioritize,1708.2599542524997,2.0,25.0,0.013055555555555556,4.02535169073515,15537585601417.34,61.0
0x7be64ff3c147ecf6ef436006d57aca52f0ef41d4,0.0,normal,1881.9100121253923,2.0,69.0,0.0,0.0,3048353642096.684,70.0
0x39f189f618458deb2de0c94b6e04f28777936e33,0.0003,normal,276.3309149152206,0.0,3.0,0.023333333333333334,0.0,507969835856.64,6.0
0x38555a7137bbb2cfd1241302d1c2373546f0adac,1.0,deprioritize,2120.292072322893,1.0,35.0,0.18638888888888888,2.302585092994046,23237122690633.086,48.0
0x45c2700a0b0e84fffffc74dbe4ca415bc940f93d,0.0,normal,3314.4669450116544,3.0,374.0,0.01,0.6931471805599453,260507285579.2987,534.0
0xbb8dde867750d22cdef73231b70e4dd9ea036030,1.0,deprioritize,276.6561936552188,1.0,3.0,13.15,0.0,20873644508.159996,6.0
0xcffdc9b925f265b04f6b4083d813ec5d04b2619d,0.9992,deprioritize,276.6970269894214,1.0,3.0,0.03333333333333333,1.791759469228055,33096100451.555557,9.0
0x338006afcd1fc7b52d13e99ef936d11475d803f0,0.0,normal,2164.0605455087953,0.0,194.0,0.013333333333333334,0.0,512741834457.5874,326.0
0x2cd93c62ba6e1f1b3ab5d5df1c5b46c7f5aab75f,0.0004,normal,276.49230505515027,1.0,5.0,0.023333333333333334,0.0,85578909956.0,6.0
0xbcdaaf736b22d3b6e047afc9e32d1c8a0ae2f228,0.0,normal,2138.9240527412735,3.0,170.0,0.025,0.0,4003239526612.3486,219.0
0xf9605d8c4c987d7cb32d0d11fbcb8eeeb1b22d5d,0.0,normal,2129.0302681131825,0.0,310.0,0.0,2.0794415416798357,30077737187.234116,590.0
0xffec9c63c163981fcc61b410389af1b247584b14,0.0,normal,3176.1159290421756,0.0,67.0,0.0,0.0,6287252581850.798,138.0
0xebafb8202c7a1433aab167ecdda3509cf490f834,1.0,deprioritize,1323.3355008228234,0.0,8.0,0.52,0.0,248850688887978.84,13.0
0xf9acb747d686c5e33c294d13e68234130d86e611,0.0021,normal,276.4048063788784,1.0,8.0,0.21666666666666667,0.0,475732303258.7755,8.0
0xecddf5398dc6b42ed678efc24813b9868da5ccbb,0.0,normal,1722.157642028009,0.0,41.0,0.016666666666666666,0.0,442870255370.1526,262.0
0x923942c60ca5cb873988d034bb11c8aba8ab1818,0.0,normal,989.0142508342255,216.0,76.0,0.006666666666666667,0.0,79872266791.58366,522.0
0xdd64da515b34b554a68027833a9ef5155f8bd936,1.0,deprioritize,296.1635564248485,1.0,4.0,0.19,3.091042453358316,412090283786.4,8.0
0xefcf2758737ef574799918bcfe6643d688aa9a70,1.0,deprioritize,1698.0041351296643,2.0,21.0,0.013333333333333334,3.1354942159291497,17558129331839.957,52.0
0xcd579644eff9d58cb88e1ae20e12ff5081bb3e6b,1.0,deprioritize,279.2930008724525,5.0,6.0,2.15,3.091042453358316,32301490214.082645,12.0
0x703db4c104d69ba9309cfd6b711fe3ef9eb3605a,0.0,normal,2311.019297169654,1.0,6.0,0.02666666666666667,0.0,3203590820247.251,22.0
0xead855cd61de0ea894614cc38d6298618616b56c,1.0,deprioritize,1698.006438374594,1.0,23.0,0.013333333333333334,3.1354942159291497,15670847999489.459,58.0
0x501ff295396c71e1880d7479190cf7a4b5dfc8ab,0.0,normal,2131.3237300436117,4.0,20.0,0.0,0.0,1435425949402.2666,37.0
0x5a8013fce2f98bcda72e33450337c80c80a0b311,0.0,normal,1334.1109175462166,1.0,99.0,0.01,3.4339872044851463,93143615371.33994,229.0
0x0230f604a7697607fa07376e15f6a46ef1aff513,0.0,normal,2087.863544894352,0.0,50.0,0.008055555555555555,2.302585092994046,3145724811661.5757,134.0
0xf277697ed4294d0cd8759eee61d786b4e4f23317,0.0,normal,1446.1419939746515,12.0,66.0,0.013333333333333334,0.0,1130650622114.5637,134.0
0x78a18ddecda44f7d298d9b37512ed8a7f6b226c7,0.0,normal,2190.129644447998,6.0,511.0,0.0,2.302585092994046,56525996609.30611,769.0
0xfd97b4efda8d0e7fe38777b7d1b4b6aad0cb8a27,0.0,normal,3098.979819278993,0.0,135.0,0.0,0.0,1884279571704.3718,269.0
0xddf9db63f6f145df73e16f6be12e8d7913cf69c8,0.0,normal,2067.105988382071,2.0,215.0,0.0,0.6931471805599453,303169196143.8649,402.0
0x3df479876d2ff2ca462250c78d19f451b460f062,0.0,normal,1408.0642061136111,8.0,99.0,0.023333333333333334,0.0,679726310469.6274,202.0
0xf73b68075cc835af615abfd25524ffc4a5ae0d6f,1.0,deprioritize,1318.1092524250707,3.0,33.0,0.02,1.6094379124341003,23213080666255.49,27.0
0xc1b56f1a11c528a2884e436aab377a93124ed96c,0.0,normal,1138.2685579828808,0.0,21.0,0.07,0.0,2485579656052.1504,61.0
0xe5c06348a23899662371776121cc4693f0a368dd,0.9956,deprioritize,1224.6434190974771,0.0,39.0,0.016666666666666666,2.6390573296152584,2982581891038.4165,67.0
0x5ea12341d073ec5a1226b85f0478413a19081535,0.0,normal,2449.0682339197674,0.0,294.0,0.0,0.0,87384580903.46207,693.0
0xa1b39e97080b110b3517f2deddcc4b2b92102c9d,0.0,normal,3043.360584119815,4.0,48.0,0.02666666666666667,0.0,24288763456381.098,90.0
0x337b7dabf1ccc31630526de1f363da26ffb8678f,1.0,deprioritize,276.3314753300807,0.0,9.0,0.023333333333333334,3.091042453358316,5216404114177.998,16.0
0xad5f5015956e448d5e0f7343050bf82fe78f20f5,1.0,deprioritize,1698.0056072757172,2.0,22.0,0.013333333333333334,3.1354942159291497,18617913179585.973,50.0
0x52f0f399cbf293eaf3c3fcbe4af0fb4b8ef5f6dc,0.9999,deprioritize,1716.211614222314,1.0,37.0,0.0,4.02535169073515,6738577140746.524,70.0
0xad9fcbb9ac8d412703af10ea6dee80b752845678,0.0,normal,1256.552308671226,0.0,122.0,0.01,0.0,43707603562.48101,1862.0
0x16d8f6d65c9d7c2349c867488f3946671d1890f2,0.0,normal,930.1405035382978,4.0,65.0,0.01,2.70805020110221,347303154619.3151,114.0
0x5380dfdfc34f2891922a46db399f734677903f62,0.0,normal,1539.6897975303702,0.0,170.0,0.0,0.0,2044166271880.6672,243.0
0x8e0a55cd81e7562972c8c002b23f12c7d850d6a8,0.0,normal,1472.5027490028933,5.0,69.0,0.01,0.0,1997662097095.9648,137.0
0x3dc506b5c468775d1630716436995b83dd917766,0.0,normal,325.13967031191066,2.0,11.0,574.1166666666667,0.0,129487807280.97958,11.0
0x428e100bb36c26d340b04bb986fe4adb33bceb61,1.0,deprioritize,1708.2607698499992,2.0,26.0,0.013333333333333334,4.02535169073515,11273835835965.773,57.0
0x92335caa28bef7fa54b7f2154c09912e8300d90b,1.0,deprioritize,828.2550869823275,7.0,8.0,0.043333333333333335,2.4849066497880004,23819841452214.824,28.0
0xe33ae2aa9d95aecdd9a128cfa5b31f996fa10ea7,1.0,deprioritize,1716.2111517984254,1.0,31.0,0.01,4.02535169073515,8153409600513.952,63.0
0x0e7fda57fb09bdf846e5222ee1abcc4eea45862a,1.0,deprioritize,278.84967032013947,4.0,7.0,14.716666666666667,3.091042453358316,14419698704624.156,9.0
0x97853ae10510e2f708a0be64f51b5f123e5815cb,1.0,deprioritize,2169.6623092099085,2.0,16.0,0.025555555555555557,0.6931471805599453,80477253792855.5,27.0
0x544ea3d7c3b93639d42d1482b3eaeb51e2335862,0.0,normal,1780.662494397569,0.0,138.0,0.0,2.0794415416798357,134832172399.61874,318.0
0x5b9ea2bdb78a37c6b10bd5181af3469fafbbb8c4,1.0,deprioritize,493.35397594695564,5.0,5.0,0.013333333333333334,2.0794415416798357,30907300821017.758,9.0
0xdda42f12b8b2ccc6717c053a2b772bad24b08cbd,0.0,normal,1959.762587058947,3.0,616.0,0.0,0.0,3564579358.1698785,1401.0
0xd2cad1fa58cb5fcd2ce523932ee4d215e1562744,1.0,deprioritize,1708.2585973532057,1.0,24.0,0.013333333333333334,4.02535169073515,16582880960117.541,57.0
0x6fd22bbb5eb0127dd306fcfa5c42aaa6097208d1,0.0,normal,2127.098678374456,0.0,107.0,0.011944444444444445,0.0,1766962019626.636,192.0
0x78216c5be54fe420fc1dc77c3ce3d25fb8c85ed9,1.0,deprioritize,1698.0034006745368,2.0,20.0,0.016666666666666666,3.1354942159291497,19667083820994.887,49.0
0xae8ce6bb2b95684f57c097b407f4e9b55d9ca432,0.0,normal,2516.367532620916,0.0,309.0,0.0,0.0,463173068938.63837,426.0
0xf8f56d01d0335f09672f52f9463f667784c0c534,1.0,deprioritize,276.3309244236571,0.0,7.0,1.8666666666666667,0.0,428256986168.8889,6.0
0xc66ace54a394f9cd2d9ea94c9ede671d86c44479,0.0,normal,1862.2853804424433,2.0,97.0,0.01,0.0,603371278312.1206,210.0
0xb704561bfe67b98d9c870d93fb77052ba0c7f432,1.0,deprioritize,1708.2585980599429,1.0,24.0,0.013333333333333334,4.02535169073515,18546854746551.367,56.0
0x526ae9c5b7cf35abd760178a5c72c937a4ef039f,0.9382,deprioritize,1435.1891304697344,5.0,33.0,0.02666666666666667,1.0986122886681098,4396662038720.7466,60.0
0xfb4db1ea8a2b91b59cdac950885ddb7d86d06747,1.0,deprioritize,911.1532855668858,1.0,14.0,0.10333333333333333,1.0986122886681098,17177035085049.285,22.0
0x14341f81df14ca86e1420ec9e6abd343fb1c5bfc,0.0,normal,3263.5671513087964,5.0,46.0,0.04805555555555555,0.0,7884629110613.279,165.0
0x227b771eab2a9949431ddcc2c983b30b3050e8ed,1.0,deprioritize,276.36356336597214,2.0,5.0,2.9466666666666668,1.791759469228055,414175929.75,6.0
0x565ecaba37af101ba170ea8c013dda06c30fae9c,0.0,normal,1887.0115031816892,8.0,341.0,0.0,1.0986122886681098,1312759325678.0332,217.0
0x3ef760443327346913fa13cfdbf25ee6f1b1d00c,0.0,normal,1645.3405891623734,9.0,23.0,0.0,0.0,5536174357749.153,108.0
0xd84e11bee5d555ccd905817cb8cbbd5b6e6c4f0d,0.0,normal,2580.5417349987147,1.0,887.0,0.0,0.0,50976180193.37662,1139.0
0x28925e26c919106396e50f64ed163b5009e3a2ab,1.0,deprioritize,2033.2483824668052,0.0,5.0,0.13666666666666666,0.0,61759864926579.74,15.0
0x2437cc4f32aaebe2dcaf2fe1a22b7f86445230ab,0.9987,deprioritize,276.3423176533094,1.0,6.0,0.013333333333333334,1.0986122886681098,750278509584.9795,8.0
0x62210e197a9c25d67a0852c2ced64156e36f90dd,0.0,normal,1884.2381278394687,0.0,18.0,0.0,0.6931471805599453,1852226947587.531,110.0
0x5c14c2c65c4e476a66a6c51ec151a1d8bdee2261,0.9996,deprioritize,318.79245654623816,0.0,3.0,0.04,2.0794415416798357,2988348616736.0,4.0
0xba05e41348d068d0ff3dff199e8e4d2467eaca3f,1.0,deprioritize,1277.5041232137382,8.0,43.0,0.0,2.9444389791664403,14261731932369.715,40.0
0x617ad53a738ee4a678c34b98dc45605ceff42519,0.0,normal,1800.1340190532057,0.0,25.0,0.08638888888888889,0.0,10636098885114.762,62.0
0x11b6a5fe2906f3354145613db0d99ceb51f604c9,0.0,normal,2994.062595444294,73.0,274.0,0.0,0.0,87232310290.15918,713.0
0xde168ca98e7e5561abb55db33a53ff44e2d4867f,0.0,normal,1851.6004082646773,7.0,50.0,0.016666666666666666,0.0,21845791698870.008,76.0
0x05575a201fbf482b180a23d945da317ecf42d0fe,0.0,normal,940.5288457709386,7.0,19.0,0.02666666666666667,0.0,1132152944593.8098,72.0
0xa10df901777b9729013451f02eac9756deb3d760,0.0,normal,1771.483243921562,18.0,269.0,0.0,2.70805020110221,161053629902.93774,575.0
0xa3b7c0e3150ca196adfb5b1c6b329ca15997caea,1.0,deprioritize,1669.9423991408669,1.0,22.0,0.01,1.0986122886681098,18310363231486.324,48.0
0x919a62f9b883d63b2bca4ef1aaccb37d929dccf3,1.0,deprioritize,948.6180125689341,3.0,34.0,0.02,2.4849066497880004,13961284704631.158,29.0
0xbbe28cbf2685b9bdda1047bdca78138337873e9e,1.0,deprioritize,1483.250940811899,8.0,12.0,1.4933333333333334,2.833213344056216,24888574714430.47,36.0
0x248695ce4a40b6a448a5d6816510d83ada216ef0,0.0,normal,2176.0737417396294,0.0,47.0,0.02,0.0,18126119780040.37,62.0
0x9eb84f0efa371245833c0dcef366aa98fdadc0db,0.0,normal,1195.3363459149666,0.0,67.0,0.0,0.0,2043617444662.918,89.0
0x3c07996305036f33fe281f1ad2df47caa76052b1,0.0,normal,2143.9427579704507,2.0,56.0,0.03861111111111111,0.0,3369457537107.3364,201.0
0xdee3a3b78a4380715cda1a621750aaad5629129b,0.0,normal,2185.425257987766,0.0,84.0,0.013055555555555556,0.0,970002698014.0042,156.0
0xe066fe84075fcab0359498ee2fd29c18a8da8fef,0.0,normal,3272.721577520892,1.0,145.0,0.0030555555555555557,0.0,1215313012269.254,342.0
0x17642a03e1f4467a29a2167d3dd2c3a5d0ffecdb,1.0,deprioritize,1713.1785105688207,1.0,27.0,0.013333333333333334,4.02535169073515,10470205599407.768,53.0
0x18b4b558115792250763a23a4ce4ad4786a4844b,0.0,normal,1587.536218905035,0.0,75.0,0.03666666666666667,0.0,233697745726.86227,350.0
0x6d5a7d96d86e6d93ecdf180624fd89f93f988ddd,0.0,normal,2151.314205038216,1.0,447.0,0.0,2.0794415416798357,157671545568.64877,593.0
0x000b690bcf9d811fb9b33062d3348401d4000000,0.0,normal,468.1110696072794,0.0,107.0,0.006666666666666667,2.0794415416798357,101651484861.40671,173.0
0x7e39604dc7abbd00e1b4d79921d097f0183b2519,1.0,deprioritize,1808.3136275087738,0.0,16.0,0.013333333333333334,2.70805020110221,42929413947547.49,51.0
0x6f8e3c4637b0c9456f3a7058fdb1035d3a359d68,0.0,normal,1552.2530835292819,4.0,115.0,0.006666666666666667,0.0,276293183094.63617,252.0
0x0e86e604ce320e0a227b748d62c5ec4523825e3f,0.0,normal,1097.2084307774653,5.0,65.0,0.016666666666666666,0.6931471805599453,765555793151.9202,145.0
0xf7b106599b3adcb8a09daa5f03c61cc29bd69533,0.7807,watch,861.2784307890496,1.0,40.0,0.02666666666666667,2.772588722239781,1580837496980.7217,79.0
0xd2d9b5dc2265447b932537796975467df251b5f8,0.0,normal,2159.7424932931362,3.0,136.0,0.0,2.302585092994046,1449908895611.0308,170.0
0x21fa505e8b8b66580b43a5750181de20a4a0702b,0.0004,normal,2594.662470213379,2.0,77.0,0.0,2.0794415416798357,8047235465945.146,101.0
0x4f942119e6ab0a6e4368e795d1d64291a3ff0da4,0.0,normal,2415.4288591251166,1.0,440.0,0.0,0.0,287797960973.52655,813.0
0x6e53c198f08b6d9c04fe7d0e292be076ec62f52e,0.0,normal,1930.940018085672,3.0,72.0,0.0,0.0,2160792728827.3835,179.0
0x403ed36e3a97b72d61cbf68165055e05b1f25dba,1.0,deprioritize,1698.0056199498613,2.0,20.0,0.02,3.1354942159291497,18982660407038.45,50.0
0x2b24e17462ddcc5663496df93aa84c745437054a,1.0,deprioritize,1698.0057009703253,1.0,23.0,0.013333333333333334,3.1354942159291497,18385194523132.086,47.0
0x77e3f25c1a0e86e9decf93d48c499c33aab13fb2,0.0,normal,1486.850156991134,11.0,30.0,0.013333333333333334,3.4339872044851463,1094756284200.8285,152.0
0x9899481ee77127c13d99fe7ba2c141ff24c16e5c,0.0,normal,1186.151349124536,37.0,39.0,0.006666666666666667,3.091042453358316,1427949616590.6956,111.0
0x0a2a8c79e48232a90034ca0288ea5797431b3b3c,0.9983,deprioritize,1716.2124949637498,1.0,47.0,0.0,4.02535169073515,5036364445523.019,82.0
0x2a9dbd3af70625f497aecb68870b38fec3e49c3d,0.0,normal,1782.4691500628353,0.0,26.0,0.03,0.0,2410520526828.316,108.0
0x850099aa6132ab9c8a0f10fb2bbbdf071579930c,1.0,deprioritize,1289.2019046958785,1.0,8.0,0.36,2.6390573296152584,440715949005384.0,5.0
0x99f1b26494f1a60d8d4def929677f36081ccff18,1.0,deprioritize,2306.5839996041773,0.0,15.0,8.288611111111111,0.0,4945492619186.914,10.0
0xb066d85234a4a837f1045ef66b6f67aeb0a9dbf6,0.0,normal,1687.7236176609385,40.0,110.0,0.0,0.0,422447493836.94745,286.0
0xf2eae206f22afe2b9b1c71a274a85bd0d4cdeac0,0.0,normal,1742.246638520346,1.0,327.0,0.0,2.70805020110221,36692953976.90454,976.0
0xcde2fc86ffd9faa31a3f1d0a72d8163c8517a623,1.0,deprioritize,284.1471833957759,7.0,6.0,0.84,0.0,7474139029482.853,13.0
0xe149b3c95bbde409edc9a74ee68716cabface2ce,0.9997,deprioritize,284.07135006346084,4.0,13.0,0.023333333333333334,1.791759469228055,2113997526285.0613,16.0
0xcc26d72477d77f286565888da4126025b1da500f,0.0001,normal,534.4231556201285,2.0,26.0,0.016666666666666666,0.0,1278254628234.7754,51.0
0xa5403cecd0f4ffd25b5b86bcf1d2b8fd5cf7474d,0.0,normal,2181.736951918472,1.0,129.0,0.0,2.70805020110221,12368047155746.115,193.0
0x5582358de7cc812101313f5e13de500005a31dea,0.0,normal,2107.387171902905,0.0,51.0,0.03,0.0,937206850090.8561,210.0
0x965b813b302dfccdf6c2f676d59d7d3c960d3582,0.0,normal,3141.8261186694685,1.0,257.0,0.01638888888888889,0.0,2438541333342.1206,245.0
0xf332ca770a6a803d6022ff81ef77847d6b3539bb,1.0,deprioritize,1713.180725425846,1.0,31.0,0.01,4.02535169073515,9056347352081.74,61.0
0xff770424739a77b8990632c75ed859b74c0ef749,0.0,normal,2389.9610263552654,16.0,388.0,0.0,0.0,133594816822.35927,618.0
0x95a70a517c9e87f0bd70e380bde99a41d31d917d,0.0,normal,3323.729870246494,48.0,377.0,0.005833333333333334,0.0,371688156058.205,508.0
0x0463be6a624bb989c556937fa4d3e0428db8b2c6,1.0,deprioritize,284.1210757976384,2.0,9.0,0.8266666666666667,3.091042453358316,1354051845778.367,11.0
0xaaab6f169f794450746c96b45c7bccf7b8295d5f,0.0574,normal,1035.1094091321418,12.0,13.0,0.023333333333333334,2.4849066497880004,1901875644042.682,48.0
0x4ecd82114f73c9f2debab6f08c9891fc742ad472,0.0,normal,2156.637152189317,1.0,167.0,0.0,0.6931471805599453,78059667943.58958,399.0
0x3794cb5d48aa2e930574a97f51b2a7dfc8bb8626,1.0,deprioritize,2133.70781224617,1.0,45.0,0.01638888888888889,0.0,60763709426766.945,69.0
0x7c9dc197de3c510717a8417f96aa086eb02777c5,0.83,deprioritize,1435.3840622556127,1.0,55.0,0.03,2.0794415416798357,3648055806387.325,91.0
0xf627e5f4bad95a956468d8bb6ee20b119f992e96,0.0,normal,3064.178726614791,8.0,496.0,0.0,0.0,66812075325.25073,899.0
0x7d3005a82eda1951323129fa043d64a04569da39,1.0,deprioritize,1698.006460829965,1.0,23.0,0.013333333333333334,3.1354942159291497,17003478072228.508,50.0
0x41cd8faf066777a59a0f06ca76aeaa920276e33d,1.0,deprioritize,406.2989955547811,3.0,7.0,0.97,0.0,1592308504284.8892,15.0
0x1e827607148713f5cda9439db2d592aef00f9a00,0.0,normal,1443.3548173150116,0.0,27.0,0.0,3.4339872044851463,1800196155886.1729,126.0
0x0865d23c2fa556469fe59adf088c9bcb1c06cdde,1.0,deprioritize,339.16427333671186,5.0,8.0,22.6,0.0,725647421502.2222,15.0
0x8dc6a07aa06b56c4370d6a8f2f7531b0b4caa2ff,1.0,deprioritize,1669.9482779673845,1.0,23.0,0.01,1.0986122886681098,18350504317686.71,49.0
0xacf3404749abd30330757646884a58de0fba9055,1.0,deprioritize,276.33094000656297,0.0,4.0,20.56,0.0,3552418445632.0,8.0
0x0bd4d80405240215685cedb1f79af8546d943398,0.0,normal,2426.0327455623255,1.0,84.0,0.0,0.0,454649074945.7099,179.0
0x71fa967c0aee214da60b062c752cd683352dd0aa,0.0,normal,1260.5891345084376,27.0,11.0,0.02,3.091042453358316,7766999131419.662,47.0
0xa16b31ca5dd19e43f346cec040723b4ea1ba706b,0.9957,deprioritize,646.3977456211105,0.0,8.0,0.013333333333333334,1.0986122886681098,3597295710539.16,16.0
0xf7861adf4a0d3924f488afd905bd2dfeb485fbc3,0.0,normal,866.828717844409,20.0,74.0,0.0,3.295836866004329,134853519219.41263,175.0
0x5bf61c59a3023a654e9cce8f2960d827c948da85,0.9983,deprioritize,1135.037328973832,5.0,14.0,0.04666666666666667,2.772588722239781,4764648146986.436,39.0
0xdf1620f04d1764fbb0649dadd0f5084976737276,1.0,deprioritize,1708.2586136978698,1.0,26.0,0.01,4.02535169073515,16682726556991.82,59.0
0xaf4242feb0c20c1145ed802f6391038355444a16,0.0,normal,482.1362178671415,0.0,65.0,0.013333333333333334,0.0,314628285367.31134,69.0
0x0e7af95de26bf10e6b9f00d846c22757aa582b9c,0.0,normal,2469.951078987083,0.0,616.0,0.0,0.0,256341499196.8003,899.0
0x57dd2750db3598b0b94cffa1333fdad4e0f978cb,0.997,deprioritize,283.6151094497216,2.0,9.0,0.013333333333333334,3.091042453358316,177887997778.36688,12.0
0x91599dae2d7b7bc1582649a6d35e10dafc3a831c,0.6894,watch,748.4467761175804,1.0,43.0,0.01,3.091042453358316,904124164728.1836,78.0
0xf9095877f93603d0b6c44e5a82db5dc751b34cd8,0.0,normal,512.6855261220728,0.0,81.0,0.006666666666666667,1.791759469228055,1146957824591.7095,55.0
0x1db395f32f357456713385bf1690ecfe685d6d31,0.0,normal,2149.3100516039576,19.0,126.0,0.0275,0.0,2542913384921.5176,191.0
0xbd8d08fe51e92e6f8aca86968e011aced4f2fc62,0.0,normal,1676.359669739397,9.0,67.0,0.0,0.0,765780227834.8693,225.0
0xb72ca7ee0aa8ad85a4ffd2873baca90bbf85c1c4,0.0,normal,2183.8489753076847,1.0,113.0,0.001388888888888889,2.70805020110221,2203621958232.194,121.0
0x649719e8acd5e5c45d0ee9f3b28c179ac80a8218,1.0,deprioritize,277.54816519393415,2.0,5.0,0.34,2.0794415416798357,568762143485.5385,9.0
0xf7c7ca163ddfe69218377ab7086bdfc9a50f4e1e,0.0,normal,1995.271093435613,4.0,324.0,0.0,0.0,74844453197.17523,503.0
0x25746eec6976a05b30aa882537cfaff61c8ac5d8,0.0012,normal,276.94455486271943,1.0,8.0,0.02666666666666667,0.0,22595817703676.59,12.0
0xbe1c4a5a25992dc8ac41f9b4de3c1c799639221c,0.0,normal,1425.9904229192132,0.0,25.0,0.016666666666666666,0.6931471805599453,3610196306877.544,120.0
0xc04032bcbcce4d43ef978cc808f1d2da5c0db3c3,0.0,normal,1630.837726162639,69.0,215.0,0.0,2.833213344056216,174576676727.2757,492.0
0x85cf93acaa379e14fd8850f9a74bf282b9a5b593,0.0,normal,1707.0733752125225,7.0,53.0,0.0,0.0,1050708102503.989,131.0
0x4f45eceb38221b338b4651cc1cdf51b1b61fddf4,0.0,normal,1047.41858355765,2.0,77.0,0.016666666666666666,2.0794415416798357,250706003150.7343,89.0
0x5bc90342466202cc40ccb6cc9ba519bcf4e69dfe,0.9999,deprioritize,1716.2113497882528,1.0,34.0,0.0,4.02535169073515,6830121557155.333,67.0
0x6f43129642ae3f8e394f3b005054ad02f1d41c17,0.0,normal,1671.1993706253254,73.0,61.0,0.02,2.70805020110221,115342139085.6106,387.0
0x806c48c64e23e2d32daefa5034daa9df4554cc64,0.0,normal,1539.5106206492942,24.0,181.0,0.0,2.833213344056216,889511731790.669,240.0
0xd370efbcd3203a6ecbf0816d06053ffcbfa60026,0.0006,normal,277.6762225799428,1.0,12.0,0.02666666666666667,0.0,709906501149.44,9.0
0x58124316536fb85d5419d1b22bd8a0bb4a1dc364,1.0,deprioritize,1698.0032596180313,2.0,20.0,0.013333333333333334,3.1354942159291497,23158345173031.402,48.0
0x808786bd000481f85c379b3160db5f57cc227083,1.0,deprioritize,491.0965003604856,3.0,4.0,0.03333333333333333,2.4849066497880004,13833649709899.104,14.0
0x7461a4b39a4dc6c74cd63a1f9946c642338f83fa,0.0004,normal,276.33372258362397,1.0,2.0,0.013333333333333334,0.0,1960514700150.8572,6.0
0xfff33e82cbdc42abd0b5e16455b21efaa6896238,1.0,deprioritize,1789.2044633251153,1.0,30.0,0.056666666666666664,1.6094379124341003,18934407017955.523,40.0
0x37ab3d6053955009364631135f8aa7874a513800,0.0,normal,1585.9483985130903,13.0,47.0,0.01,0.0,12824193993103.465,102.0
0x3334c2dfbd6584ba98506bca76140be42aebd62c,0.0003,normal,1682.412993426679,13.0,14.0,0.06,0.0,36483033338025.28,29.0
0x903398c07e067ce596b8ae0ce4783358f85810fe,0.0,normal,1323.467055928031,31.0,14.0,0.03,2.772588722239781,3719426292722.668,99.0
0xbb083d9c80a8cdeb070b7a52f233dffb5e53975c,0.0,normal,1509.5326346335532,24.0,51.0,0.013333333333333334,0.0,779537827346.4459,126.0
0x129854708692460a04ce24f8e186fe00c8b2f302,1.0,deprioritize,277.19691704941016,1.0,4.0,1.4366666666666668,3.091042453358316,2697071089009.4624,11.0
0x87a21b3415163e115e31b88f7daa75f2e095385f,0.0,normal,3232.1876346429162,3.0,94.0,0.0763888888888889,0.0,5039171092691.597,155.0
0xc37be7efb80d036f9f8bce7d37dca23b6333845a,0.0002,normal,2131.8360837390055,0.0,36.0,0.006666666666666667,2.0794415416798357,722090706094.4089,51.0
0xc3df7fde382b3a936d1943c91b570b627c11f501,1.0,deprioritize,634.0492781954865,1.0,12.0,0.03333333333333333,2.4849066497880004,6959479537885.882,17.0
0x4121a4c0b7ed0597a90a74293ae444d5ec0e1719,0.0,normal,1701.2215930113555,13.0,66.0,0.0,3.4339872044851463,1273044490873.71,156.0
0xa5a69107816c5e3dfa5561e6b621dfe6294f6e5b,0.0,normal,2272.50839859463,0.0,188.0,0.0,0.0,2223828066548.0522,346.0
0xe07888d2f0e57a4bd0d0e30b6c7fb0a0178c6e0d,0.0,normal,2088.8062807916326,4.0,153.0,0.0,0.0,932798718918.8857,306.0
0xdeff1e0d40655a47cc87cf3fa9bbed06fc121e40,0.0,normal,1951.7537924315864,1.0,88.0,0.0,3.4339872044851463,2923693993816.591,153.0
0xe03fe177a71494abb9b09b99ec6750f5311a2580,1.0,deprioritize,2308.0791165223386,1.0,6.0,0.11,0.0,57116916770457.7,17.0
0xcf42c2e04b729aabe12f8e3c044ee5443d230a76,0.9997,deprioritize,528.7303896717589,1.0,13.0,0.05,2.4849066497880004,1887021294906.3062,28.0
0x2e891a7dbe5ed9790c26ea0ac03ae10f7200726b,0.0,normal,2107.0791049506956,3.0,129.0,0.0,3.4339872044851463,1138878627735.343,202.0
0xc3e357a84b29670f5a0c066a61d1658b4a70c800,0.0,normal,2178.6528665501846,1.0,95.0,0.010833333333333334,0.0,1320735012597.2344,164.0
0xe0b536a468496f9e9590f62e3b97f4a085b30283,0.0,normal,1223.241639738599,7.0,79.0,0.0,2.70805020110221,165315657949.94464,244.0
0xfb2da4eed01b6dbc5806a3166dbc353f533154ee,1.0,deprioritize,1713.177160590556,1.0,26.0,0.016666666666666666,4.02535169073515,10093474100292.002,56.0
0x696c6fa7f89ac48309d25f93ea91a3802cbcf797,0.0009,normal,1247.8413619821988,9.0,8.0,0.04666666666666667,0.0,26720034411330.93,25.0
0xe4bcf70b9f341af7de43f45e7f76531e99f7180c,0.0002,normal,2169.1424152240265,1.0,74.0,0.008333333333333333,2.0794415416798357,576331871509.0981,138.0
0x88d7d41e29612b643c445983c988d447d8ca37bc,0.0,normal,1785.564047214353,89.0,148.0,0.02666666666666667,0.0,937928012551.5175,167.0
0x16fd92944039b6826c84d5de61d010a11cda0dd0,1.0,deprioritize,1745.198503276667,3.0,13.0,0.016666666666666666,3.295836866004329,21077760310310.742,42.0
0x5c883c1e4ff1bc136c43880e7b1a4bd58e2e7d08,0.0,normal,3080.332716241156,3.0,176.0,0.013333333333333334,0.0,3141930826800.4067,305.0
0xc3e0dd54c3cf07fc29a69634956502b0cb5d31bd,1.0,deprioritize,552.4392788152425,10.0,26.0,4.57,2.9444389791664403,4946641604666.368,22.0
0x478eb2b4d237058c0f4f2b3b6863750e26aae07d,0.0005,normal,1335.2805288174527,0.0,50.0,0.0,3.4339872044851463,2242251897143.2,113.0
0x17a8eaf9241a220e1ebda22a623cb058530cb0ab,0.0,normal,1743.4487464188535,5.0,158.0,0.0,3.4339872044851463,112115331263.70015,422.0
0xa9a9e2fec103f66100d60a0980f865b27e9e2775,0.0,normal,3030.63168646324,0.0,111.0,0.0033333333333333335,0.0,1794194239319.959,220.0
0x5ca170dc5514b26dc1c87407d0fe4fcf36341aec,1.0,deprioritize,1669.9886889420036,2.0,22.0,0.016666666666666666,4.02535169073515,17744532134256.41,52.0
0x9617152f7fea23fa955e105a92ae134be9b03699,1.0,deprioritize,276.4148347775804,1.0,2.0,0.9333333333333333,3.295836866004329,615845172174.2222,7.0
0x0feb107fb92aaf95e725cec4441e0941c5939d53,0.0,normal,1334.8970570006718,18.0,102.0,0.0,2.70805020110221,337619417078.85223,203.0
0xf6b3b733061d0592c94a4f6d469c2c387ce66055,0.0,normal,1459.0728903587274,20.0,119.0,0.04666666666666667,3.091042453358316,1455124053420.6685,147.0
0x155c83b83e4659dc4a0637c3cfd7c3e631073494,0.0,normal,1751.0477862126738,0.0,34.0,0.009722222222222222,0.0,7135119849942.623,60.0
0x98c3d15845a471cacddb1a17885479641a6f0ce9,0.0,normal,2946.9272538103246,1.0,218.0,0.0,0.6931471805599453,3508622518989.6885,469.0
0xf930b0a0500d8f53b2e7efa4f7bcb5cc0c71067e,0.0,normal,3179.975286410255,0.0,732.0,0.0,0.0,117186717364.31061,2001.0
0x92d4040e4f3591e60644aaa483821d1bd87001e3,0.0,normal,1413.9403349218408,14.0,163.0,0.0,3.295836866004329,91003335361.0032,376.0
0x0059ce7237e67f090e37af55bb4c3ca21cb0047e,0.0019,normal,1743.2919322235414,11.0,37.0,0.13333333333333333,0.6931471805599453,5825432983817.517,89.0
0x42d2184dac8580e6224b361a36ca3a917f7ea67b,0.0,normal,3289.348240097267,0.0,587.0,0.0,1.0986122886681098,101554288386.69234,753.0
0x329e8bca1215aa9ce87702d271f08e6a5a706812,0.7218,watch,1425.0560205797217,1.0,33.0,0.09333333333333334,3.4339872044851463,3521184721382.242,88.0
0x44daf7505ebb2f73537867b8fffa30d8eb582c4a,0.0,normal,1715.2501641013887,1.0,81.0,0.0,0.0,517000494739.7747,217.0
0x1e5a689f9d4524ff6f604cda19c01faa4ca664ea,0.0,normal,2205.063011339572,8.0,471.0,0.0125,0.0,820982457600.8938,502.0
0x7bfee91193d9df2ac0bfe90191d40f23c773c060,0.0,normal,2964.5926649649773,0.0,828.0,0.0,0.0,10057554737.527925,1324.0
0xbd70f52e7a08fe636026de0b439bb156c17d88f6,1.0,deprioritize,1708.2590958446071,2.0,25.0,0.01,4.02535169073515,16569105246543.445,60.0
0x4d468babffcef0c72375fc946140c444c53c88e7,0.0,normal,1185.4067926067942,0.0,44.0,0.016666666666666666,1.0986122886681098,878880466542.2477,113.0
0xd8450f425f8bddde87782a349de387e610d6baa4,1.0,deprioritize,1310.903598172154,4.0,10.0,129.36666666666667,2.70805020110221,237662127816989.22,17.0
0xe286821591c4c32655fda507ad82590166f15471,0.0,normal,1333.5822092842366,31.0,25.0,0.0,3.4339872044851463,5123403254339.997,82.0
0x1c52ca99185c6572967e79343da78407ab81c972,0.0,normal,2081.1810518790285,1.0,29.0,0.03916666666666667,0.0,1495198632190.2637,126.0
0x2a60a6d9e55a3996144987c7f54b288856856c2e,0.9912,deprioritize,516.5304037391422,1.0,36.0,0.016666666666666666,3.091042453358316,1052952690973.7616,55.0
0x57fcf904efc785e098676922d406e64a4e0e7ea2,0.0,normal,2182.3423250393403,1.0,211.0,0.0,0.0,279159905690.80817,277.0
0xc2172ebca88f81282b8643743929396071a00d85,1.0,deprioritize,276.4052652175697,1.0,2.0,0.63,3.091042453358316,6543499394440.33,12.0
0xd9a2917925cd13acc9cb35a5740120730e6d2a4e,0.0,normal,2957.356179570346,1.0,130.0,0.010555555555555556,0.0,1551680946265.525,232.0
0x69689ecd7b0eed99c2de252b9569dfe47702c6d8,0.0,normal,772.4579041612038,0.0,1.0,0.0,0.0,0.0,1.0
0x3f429684ef7a66769b923e1ecffbeeee7598c55f,1.0,deprioritize,276.3533208279753,1.0,3.0,0.05333333333333334,2.70805020110221,18850599783617.06,9.0
0xc03b5d073aec049467e6a73a8ef58758a1e46f0f,1.0,deprioritize,1528.7631124955194,0.0,16.0,0.02666666666666667,3.4339872044851463,14421930536332.375,51.0
0x00c67d9d6d3d13b42a87424e145826c467cccd84,0.0,normal,3046.946966663878,0.0,608.0,0.0,0.0,436754929545.7058,1242.0
0xba13f31fb749639c18d10f21f22dd569e7bc5834,0.0,normal,1387.4404430928716,0.0,27.0,0.0,3.091042453358316,1426140727337.9868,107.0
0x9241f27daffd0bb1df4f2a022584dd6c77843e64,0.0,normal,3064.9040889299413,13.0,526.0,0.0,0.0,171915085835.50082,841.0
0x12eff7473905a81b425b4535ff9d038df9b20c56,1.0,deprioritize,1669.955490879353,1.0,24.0,0.013333333333333334,4.02535169073515,18210966479465.02,54.0
0x92dc7ad737313bfaab5afaeb50aacbb4cf43b159,0.997,deprioritize,647.4633265300233,0.0,9.0,0.05,1.0986122886681098,2653515197386.995,22.0
0x7c3a2e2d4220abdbeef691bae3dd5f788f3c93b6,0.9993,deprioritize,1067.4617987534846,1.0,15.0,0.04,2.833213344056216,5645598662706.527,48.0
0xfcfa6885830f508f6efb78bdfad1e299cb56d022,0.0,normal,3231.119449218448,9.0,170.0,0.010833333333333334,0.0,692223113236.5494,417.0
0x0c29f8d4ecd49eb9819e1dc8962c360d8e97c408,0.0,normal,1509.5803753004748,6.0,23.0,0.016666666666666666,2.6390573296152584,2179433275406.5576,104.0
0x86d1025765e8ab24dfec3183f1a71b4d7ae672b4,0.0,normal,3079.710757247814,3.0,246.0,0.035833333333333335,0.0,663512011499.1918,270.0
0x70d667e2669915893534a8013b784660cd443cdc,0.0,normal,2196.117285219119,0.0,75.0,0.014166666666666666,0.0,704493512322.1085,118.0
0x3af015f6e3ac79d217198f00ef36af099d223e29,0.0,normal,2119.985780617142,1.0,401.0,0.0,0.0,112964828831.6975,499.0
0x5a91b98a73d72a1fae9f1f962dca77326013b155,0.0,normal,1493.3986529650347,0.0,135.0,0.01,0.0,1234926519045.7544,217.0
0xa36ed873ef4127a04107b7b868bab29077eeced6,0.0,normal,2252.375111372002,6.0,12.0,0.058055555555555555,0.0,8521783678405.175,19.0
0x3c3676eabf3e18bc5ef902d7e5e13bf9bae9d5b3,0.0,normal,942.2720789660651,5.0,108.0,0.0,1.6094379124341003,85003027252.488,242.0
0x4f5278ac523ff570063be346beb686c1920c363c,0.9989,deprioritize,326.31194012658466,1.0,11.0,0.016666666666666666,2.0794415416798357,168337257777.98438,18.0
0x1f57b9a207cbbce6ddbd13bbc76d6f0773f02969,0.0,normal,712.5093012391445,19.0,10.0,0.043333333333333335,0.0,2871308792711.024,31.0
0xf1b8f1c199ab66930b20751d6bf43ec40e2c68d4,0.0,normal,2831.2023104996647,1.0,170.0,0.010277777777777778,0.0,985430188458.7698,321.0
0x42183ca33870416c16b51a22efe2155ac6e212aa,1.0,deprioritize,1698.0057367651275,1.0,25.0,0.0044444444444444444,3.1354942159291497,18726953351893.344,49.0
0x4e6ee0afa5513caf524a3d36aabd6d5416bb8703,1.0,deprioritize,276.33430158238446,1.0,1.0,3.1733333333333333,0.0,31002624.0,3.0
0x69d17e6af29e7461635f4a1ec97b2f6a0d9aa139,1.0,deprioritize,277.31027380545106,1.0,2.0,0.97,2.833213344056216,1260428427063.0,6.0
0x880e0ab0dc65a8ff273b1fa49f57178a7ccf4ecf,1.0,deprioritize,546.3647182507758,6.0,6.0,1.16,0.0,22209895234340.438,9.0
0x0a88cd2b69e43a8a4479261d7e53b181bc6aa313,0.9865,deprioritize,475.183468251714,4.0,27.0,0.02666666666666667,2.9444389791664403,670168019702.8086,52.0
0x6654500f0e8d45cc9e21827c6ff80a17dbe5b794,0.0,normal,3102.5813849207757,22.0,69.0,0.0,0.0,262876427521.57013,217.0
